id,layer,org,authors,title,year,doc_type,url,doi,pdf_local,population,sample_n,geography,fieldwork_period,method,ai_definition,manufacturing_coverage,rq,aacods_total,coi_flag,coi_note,verified,n_findings,notes
rogers2003diffusion,peer_reviewed,Free Press,"Rogers, E. M.","Diffusion of Innovations, 5th Edition",2003,book_chapter,https://openlibrary.org/books/OL27967671M,,sources/pdf/rogers2003diffusion_rogers2009chapter.pdf,Conceptual (diffusion of innovations among individuals and organisations),,n/a,,review,n/a (theoretical anchor: Diffusion of Innovations theory),none,RQ1;RQ3,9,False,none,False,0,"The 5th edition (2003) itself was not obtained. Supporting document: Rogers, Singhal and Quinlan (2009), 'Diffusion of Innovations', chapter 27 in Stacks and Salwen (eds), An Integrated Approach to Communication Theory and Research, 2nd ed., Routledge, pp. 418-434 (scanned copy), in which Rogers restates the theory and its definitions; recorded as a separate verified source (rogers2009diffusion). verified=false kept for the book."
pisano2026startups,peer_reviewed,"Lecture Notes in Networks and Systems (Springer), IFKAD 2025 proceedings","Pisano, P.; Lombardo, R.; Bognetti, R.; Piolatto, R.; Rea, S.; Ricasoli, F.; Lurago, E.; Ventriglia, M. A.; Giorgi, F.",AI Adoption by Italian Startups: A Measurement Framework,2026,conference_paper,https://doi.org/10.1007/978-3-032-23684-5_74,10.1007/978-3-032-23684-5_74,,,,Italy,,review,,none,RQ1,4,False,,False,0,"REPORT NOT RETRIEVED: listed as relevant in the open search; neither full text nor abstract obtainable (no abstract in Crossref, OpenAlex or Semantic Scholar on 4 October 2026). Kept outside the corpus as a report not retrieved (PRISMA 2020)."
jegerson2026genai,peer_reviewed,European Journal of Innovation Management,"Jegerson, D.; Passacantilli, A.; Belfanti, F.; Riva, M.; Alberti, F. G.",From adoption to assimilation: routinised GenAI use and SMEs' digital presence,2026,journal_article,https://www.emerald.com/insight/content/doi/10.1108/EJIM-05-2026-0720/full/html,10.1108/EJIM-05-2026-0720,,"175 Italian SMEs that adopted a GenAI application (usage logs), with AIDA administrative controls; 138 firms in final models",175.0,Italy,GenAI usage logs December 2023 - July 2024; digital presence measured December 2024,econometric,"Post-adoption GenAI use measured from application usage logs as duration (continuity), volume (cumulative interaction) and frequency (regularity); sector of the SMEs not given in the abstract",none,RQ1;RQ4;RQ5,6,True,Usage logs come from a GenAI application provider; author affiliations and provider relationship not visible in the abstract; treat as possible vendor-linked data.,False,3,"ABSTRACT ONLY (Emerald paywall, 35 EUR pay-per-view; Crossref abstract read in full). Sector composition unknown, so manufacturing coverage cannot be assessed. Relevant to RQ5 as a log-based (behavioural) measure of depth of GenAI use rather than self-report, and to the depth-vs-breadth argument (routinised use matters, not time since adoption). Coefficients not available; sample is adopters only."
avarello2026sicily,peer_reviewed,"Lecture Notes in Networks and Systems (Springer), IFKAD 2025 proceedings","Avarello, C.; Cava, A.; Marozzo, V.; Micali, F.; Nucita, A.; Russo, S.","Artificial Intelligence Adoption in Sicilian SMEs: Awareness, Readiness, and Context-Specific Pathways",2026,conference_paper,https://link.springer.com/chapter/10.1007/978-3-032-23684-5_39,10.1007/978-3-032-23684-5_39,,"Sicilian SMEs: in-depth interviews with entrepreneurs in digital and non-digital sectors plus a survey of more than 2,000 firms",,Sicily (Italy),not stated in the abstract (2025),opt_in_survey,"AI awareness, readiness and use (generative and analytical tools) framed with the TOE model; operational definition not visible in the abstract",none,RQ1;RQ3,6,False,Academic authors (Univ. Messina area); no commercial sponsor visible.,False,3,"ABSTRACT ONLY (Springer chapter paywalled, 29.95 EUR; abstract read on the chapter page). Book: IFKAD25 Knowledge Insights: Exploring Knowledge Futures, pp. 347-353. The only new Mezzogiorno-specific AI source in the batch, but no quantitative shares are visible; the quoted sentences are the WebFetch rendering of the abstract and may be lightly paraphrased. Verify wording against the chapter before quoting."
calabrese2022automotive,peer_reviewed,International Journal of Automotive Technology and Management,"Calabrese, G. G.; Falavigna, G.",Does Industry 4.0 improve productivity? Evidence from the Italian automotive supply chain,2022,journal_article,https://doi.org/10.1504/ijatm.2022.126843,10.1504/ijatm.2022.126843,,"Firms of the Italian automotive supply chain (Osservatorio sulla componentistica automotive population, more than 2,000 firms)",,Italy,not stated in abstract,econometric,Industry 4.0 technologies bundle (investment/adoption in the automotive supply chain); no AI-specific measure known from the abstract.,manufacturing_only,RQ1;RQ4,8,False,CNR-IRCrES and Ca' Foscari CAMI authors.,False,2,ABSTRACT ONLY (Inderscience paywall; no OA copy; abstract from the publisher page). Sectoral (automotive) evidence of no clear productivity premium from the I4.0 bundle; complements calabrese2025automotive already in the catalog.
morelli2022diffusion,peer_reviewed,"Lecture Notes in Information Systems and Organisation (Springer), in: Digital Transformation in Industry","Morelli, G.; Musso, F.; Murmura, F.; Bravi, L.",Knowledge Analysis on the Industry 4.0 Diffusion in Italian Manufacturing: Opportunities and Threats,2022,book_chapter,https://doi.org/10.1007/978-3-030-94617-3_15,10.1007/978-3-030-94617-3_15,,"Italian companies in the MET (Monitoraggio Economia e Territorio) survey, 23,700 firms",23700.0,Italy,October 2017 - February 2018,review,Secondary analysis of MET survey data on the diffusion of Industry 4.0 enabling technologies plus a SWOT matrix; no AI-specific measure visible in the abstract.,manufacturing_only,RQ1;RQ5,6,False,University of Urbino authors.,False,1,ABSTRACT ONLY (Springer chapter paywalled; Urbino IRIS blocked from this network; abstract from the Springer chapter page). Main value is as a secondary reading of the MET 2017-18 survey (RQ5 measurement regimes); no original figures retrievable.
ali2020veneto,peer_reviewed,"Towards the Digital World and Industry X.0, Proceedings of the 29th International Conference of the International Association for Management of Technology (IAMOT 2020)","Ali, S. S.; Bailey, D.; de Propris, L.; Nunes, B.",'Industry 4.0' awareness and readiness within the vento region (Italy),2020,conference_paper,https://research.aston.ac.uk/en/publications/industry-40-awareness-and-readiness-within-the-vento-region-italy/,,,"Manufacturing firms of the Veneto region (survey; batch note reports 1,829 firms, not confirmed in the abstract)",,"Italy, Veneto region",not stated in abstract,opt_in_survey,Industry 4.0 awareness and readiness (key enabling components and design principles of I4.0); no AI-specific item visible in the abstract.,manufacturing_only,RQ1;RQ3,5,False,"Academic authors (Aston, Birmingham).",False,1,"ABSTRACT ONLY. No DOI (not in Crossref); proceedings pp. 990-1007, IAMOT and University of Pretoria, ISBN 9781775921950 (metadata from Aston Research Explorer, verified by fetch). No open PDF found (proceedings.com is paid). The 1,829-firm sample size and the funding-mismatch finding in the batch note could not be verified and should not be cited without the full text. Title misspelling 'vento' is in the original record."
demarchi2020circular,peer_reviewed,"Knowledge Management and Organizational Learning (Springer), in: Knowledge Management and Industry 4.0","De Marchi, V.; Di Maria, E.",Achieving Circular Economy Via the Adoption of Industry 4.0 Technologies: A Knowledge Management Perspective,2020,book_chapter,https://doi.org/10.1007/978-3-030-43589-9_7,10.1007/978-3-030-43589-9_7,,About 200 Italian manufacturing firms adopting Industry 4.0 technologies (same Padova survey as dimaria2022circular),200.0,Italy,not stated in abstract,opt_in_survey,"Industry 4.0 technologies by type (robotics, augmented reality, etc.) and by process of adoption; no AI-specific measure visible in the abstract.",manufacturing_only,RQ2;RQ4,8,False,University of Padova authors.,False,3,"ABSTRACT ONLY (Springer chapter paywalled; Padova IRIS blocked; abstract from the Springer chapter page). Book chapter, pp. 163-178, Springer Cham."
coro2020veneto,peer_reviewed,L'industria (Il Mulino),"Corò, G.; Plechero, M.; Volpe, M.",Fattori abilitanti e impatti sulle pmi nell'adozione di tecnologie digitali di ultima generazione. Un'analisi sul Veneto [Driving Factors and Effects on SMEs of the Adoption of Industry 4.0 Technologies: An Investigation of Veneto Region],2020,journal_article,https://www.rivisteweb.it/doi/10.1430/97563,10.1430/97563,,"Firms of the Veneto region (unique database representative of the regional firm population, SME-dominated manufacturing system; related to the Unioncamere Veneto sample used in coro2021knowledge)",,"Italy, Veneto region",not stated in abstract,econometric,Adoption of digital technologies related to Industry 4.0 (bundle); no AI-specific measure visible in the abstract.,manufacturing_only,RQ3;RQ4,8,False,Ca' Foscari University authors.,False,2,"ABSTRACT ONLY. DOI 10.1430/97563 is registered with mEDRA, not Crossref; verified on the Rivisteweb page: L'industria, vol. XLI, no. 2 (April-June 2020), pp. 215-237, ISSN 0019-7416, Italian language, PDF paywalled (HTTP 401 on download). The Regional Studies article coro2021knowledge in the catalog uses the same Veneto data with verified figures."
kazemargi2020itinvest,peer_reviewed,"Lecture Notes in Information Systems and Organisation (Springer), in: Digital Business Transformation","Kazemargi, N.; Spagnoletti, P.",IT Investment Decisions in Industry 4.0: Evidences from SMEs,2020,book_chapter,https://doi.org/10.1007/978-3-030-47355-6_6,10.1007/978-3-030-47355-6_6,,"1,889 Italian SMEs responding to government Industry 4.0 policies (survey responses)",1889.0,Italy,not stated in abstract,opt_in_survey,Propensity to invest in IT/emerging technologies in an Industry 4.0 context; no AI-specific measure visible in the abstract.,none,RQ3,5,False,LUISS authors.,False,1,"ABSTRACT ONLY (Springer chapter paywalled; abstract from the Springer chapter page). Book chapter pp. 77-92, Springer Cham. Data source and whether the sample is manufacturing-specific unknown."
gherardini2020districts,peer_reviewed,L'industria (Il Mulino),"Gherardini, A.; Pessina, G.",Cavalcare l'onda del cambiamento. Il Piano Impresa 4.0 alla prova dei distretti [Riding the Wave of Change. The Impact of the Plan «Impresa 4.0» on Industrial Districts],2020,journal_article,https://www.rivisteweb.it/doi/10.1430/97562,10.1430/97562,,"Italian firms inside vs outside industrial districts (original dataset on first-year Impresa 4.0 incentive uptake, counterfactual analysis)",,Italy,First year of Piano Impresa 4.0 (2017),econometric,No AI item. Outcome = firm participation in Impresa 4.0 incentives (hyper/super-depreciation and related measures) in the plan's first year; determinant = location in an industrial district.,manufacturing_only,RQ1;RQ3,8,False,Academic authors (Florence/Turin).,False,2,"ABSTRACT ONLY. DOI 10.1430/97562 registered with mEDRA, not Crossref; verified on the Rivisteweb page: L'industria, vol. XLI, no. 2 (April-June 2020), pp. 191-214, ISSN 0019-7416, Italian language, PDF paywalled (HTTP 401). Directly relevant to the district determinant (RQ3) and incentive take-up (RQ1) but effect sizes not retrievable."
cannas2026lean,peer_reviewed,Journal of Manufacturing Technology Management,"Cannas, V. G.; Lazzarotti, V.; Pozzi, R.; Saporiti, N.; Urbinati, A.",Analyzing the interplay between Lean Production and Industry 4.0 to support Circular Economy,2026,journal_article,https://doi.org/10.1108/JMTM-06-2025-0484,10.1108/JMTM-06-2025-0484,,Manufacturing companies operating in Italy; 151 survey respondents,151.0,Italy,not stated in the abstract,opt_in_survey,"Industry 4.0 technologies adoption (bundle, items not given in the abstract) and Lean Production practices; outcome = circular economy adoption; hierarchical multiple regression.",manufacturing_only,RQ4,9,False,"Academic authors (LIUC, Politecnico di Milano).",False,3,"ABSTRACT ONLY (verified=false): Emerald article not open access (Unpaywall), no repository copy found (LIUC IRIS search empty); abstract from the Scopus export (data/supplementary_search). Crossref: vol. 37 no. 4, pp. 817-836, online 2025. Technology list, period and coefficients unknown. Self-reported CE outcomes, cross-sectional."
percuoco2026utaut,peer_reviewed,Lecture Notes in Networks and Systems (IFKAD 2025 proceedings),"Percuoco, M.; Prisco, A.; Ricciardi, I.; Dell'Anno, V.",Artificial Intelligence for a Sustainable Future: Unraveling Its Impact on Circular Economy,2026,book_chapter,https://doi.org/10.1007/978-3-032-23684-5_86,10.1007/978-3-032-23684-5_86,,"Innovative Italian SMEs (register of innovative SMEs); online survey sent to 1,664 firms, 52 valid responses",52.0,Italy,not stated in the abstract,opt_in_survey,"AI adoption as a UTAUT construct (Performance Expectancy, Effort Expectancy, Social Influence, Facilitating Conditions as predictors), PLS-SEM; operational definition of 'adoption' not given in the abstract.",none,RQ3;RQ4,6,False,Academic authors (University of Naples Federico II).,False,3,"ABSTRACT ONLY (verified=false): Springer chapter not open access; the University of Naples IRIS record (hdl 11588/1010356, IFKAD 2025 proceedings pp. 726-733, ISBN 978-88-96687-18-5) holds a restricted file; abstract from the Scopus export. Crossref: LNNS chapter pp. 719-726, 2026. Very small sample (52), innovative SMEs of any sector (not manufacturing-specific), response rate about 3%; AI operationalisation unknown. Low weight."
quadras2026fashion,peer_reviewed,Journal of Manufacturing Technology Management,"de Oliveira Quadras, D. L.; Bandinelli, R.; Fani, V.",Artificial intelligence in forward supply chains: insights from fashion industry,2026,journal_article,https://doi.org/10.1108/JMTM-09-2025-0955,10.1108/JMTM-09-2025-0955,,11 Italian fashion companies; 27 professionals interviewed in four rounds,11.0,Italy,not stated in the abstract,interviews,"AI adoption across forward supply chain processes, explored through grounded theory (open, axial, selective coding); no quantitative operationalisation.",manufacturing_only,RQ2;RQ3,9,False,Academic authors (University of Florence).,False,3,"ABSTRACT ONLY (verified=false): Emerald article not open access; no repository copy found (Florence FLORE search empty); abstract from the Scopus export. Crossref: online 2026, pp. 1-21 (ahead of print). Qualitative multi-case; AI-specific and manufacturing (fashion); useful for RQ2/RQ3 narrative, no numbers. Staff vs management perspectives differ."
acciai2026madeinitaly,peer_reviewed,"Ethical Consumption and Responsible Innovation in Fashion Through AI (IGI Global, Advances in Computational Intelligence and Robotics)","Acciai, E.","The Relationship Between 'Made in Italy' and 4.0 Technologies: Artificial Intelligence, Sustainability, and Responsible Innovation in the Fashion Industry",2026,book_chapter,https://doi.org/10.4018/979-8-3373-7200-6.ch004,10.4018/979-8-3373-7200-6.ch004,,Italian fashion companies certified as fully domestic production (Made in Italy); 60 surveyed firms plus 6 interviews,60.0,Italy,not stated in the abstract,opt_in_survey,"Adoption of 4.0 technologies (3D printing, blockchain, robotics, data analytics, AI) in Made in Italy fashion firms; survey plus interviews; no rates in the abstract.",manufacturing_only,RQ1;RQ2,7,False,Single academic author; IGI Global edited volume.,False,2,"ABSTRACT ONLY (verified=false): IGI Global chapter not open access (publisher page returned HTTP 429); no repository copy; abstract from Scopus/Crossref (hyphenation artefacts 'semi- structured', 'data- driven' are in the source). Crossref: pp. 85-110, 2026. Book chapter, lower authority; the qualitative statement that AI adoption is limited relative to other 4.0 technologies is consistent with zheng2023road."
ardolino2022logistics,peer_reviewed,International Journal of Integrated Supply Management,"Ardolino, M.; Bacchetti, A.; Perona, M.; Zheng, T.; Adrodegari, F.",An exploratory survey on the impacts of Logistics 4.0 on Italian manufacturing companies,2022,journal_article,https://doi.org/10.1504/IJISM.2022.121909,10.1504/IJISM.2022.121909,,91 Italian manufacturing companies (survey) plus 8 validation interviews,91.0,Italy,not stated in the abstract,opt_in_survey,Logistics 4.0: adoption level of digital technologies supporting logistics processes (list not in the abstract); adopter = at least one technology.,manufacturing_only,RQ1;RQ3,7,False,Academic authors (University of Brescia).,False,2,"ABSTRACT ONLY (verified=false): Inderscience article not open access; the Brescia IRIS file (hdl 11379/556695) requires login; abstract from Scopus/OpenAlex. Crossref: vol. 15 no. 2, pp. 121-150, 2022. Same Brescia group and survey instrument family as zheng2020impacts/zheng2023road; adoption percentages not in the abstract."
bettiol2022regional,peer_reviewed,Scienze Regionali,"Bettiol, M.; Capestro, M.; Di Maria, E.",Industry 4.0 Adoption in Manufacturing SMEs: Exploring the Role of Industry and Regional Scale in Northern Italy,2022,journal_article,https://www.rivisteweb.it/doi/10.14650/103210,10.14650/103210,,205 SMEs of the Made in Italy sectors located in Northern Italy (original survey),205.0,Italy,"not stated in the abstract (probably the 2017 Padova CAWI survey, not verified)",opt_in_survey,Industry 4.0 adoption (technology items not in the abstract) explained by industry and region of location.,manufacturing_only,RQ3,7,False,Academic authors (Padova).,False,2,"ABSTRACT ONLY (verified=false): DOI registered with mEDRA (not Crossref); resolved via doi.org to Rivisteweb (il Mulino), which gives vol. 21 no. 1, 2022, pp. 83-110 (Scopus export lists vol. 43). Article paywalled on Rivisteweb; the Padova IRIS record has no file; abstract from the Scopus export/Rivisteweb. BibTeX built from Rivisteweb metadata. Probably based on the same 2017 survey as the other Padova papers (adopters subsample), not verified."
bravi2022additive,peer_reviewed,Lecture Notes in Information Systems and Organisation (Springer),"Bravi, L.; Murmura, F.; Santos, G.",Additive Manufacturing as a Digital Design Technology in the Wood-Furniture Sector: Benefits and Barriers to Its Implementation,2022,book_chapter,https://doi.org/10.1007/978-3-030-94617-3_18,10.1007/978-3-030-94617-3_18,,"Italian wood-furniture companies; simple random sample of 2,035 firms, 234 respondents",234.0,Italy,2017 (questionnaire),probability_sample_survey,Adoption of additive manufacturing (3D printing) only; comparison of 'traditional' vs '3D companies'; ANOVA and binary regression on benefits and barriers.,manufacturing_only,RQ3;RQ4,6,False,"Academic authors (Urbino, Porto).",False,3,"ABSTRACT ONLY (verified=false): Springer chapter not open access; the Urbino IRIS record (hdl 11576/2700049) has no file; abstract from the Scopus export. Crossref: LNISO, pp. 247-267, 2022. Single technology (3D printing), 2017 data; peripheral to AI. Adoption rate of AM among the 234 respondents is not in the abstract."
