id,evidence_type,metric,value,unit,ref_year,page,quote
jegerson2026genai,quantitative,Sample and data,175 (138 complete),Italian SMEs with GenAI usage logs,2023-2024,"Abstract, Design/methodology","GenAI application usage logs (Dec 2023-Jul 2024) to construct duration, volume and frequency measures ... (final models: 138 firms with complete data)"
jegerson2026genai,qualitative,Which usage dimension predicts digital presence,frequency only,OLS with industry and region fixed effects,2024,"Abstract, Findings","GenAI usage frequency is positively and significantly associated with the PCA-based digital presence index, while usage duration and cumulative volume are not."
jegerson2026genai,qualitative,Joint model,none significant,qualitative,2024,"Abstract, Findings","When duration, volume and frequency are entered jointly, none is statistically significant, consistent with overlap among post-adoption usage measures."
avarello2026sicily,quantitative,Survey scale,"more than 2,000",firms surveyed (respondent number not stated),2025,Abstract,"a large-scale survey of more than 2,000 firms"
avarello2026sicily,qualitative,Pattern of use by firm type,digital vs traditional divide,qualitative,2025,Abstract,Digitally oriented firms already apply generative and analytical tools ... Traditional businesses showed lower familiarity and greater reluctance to experiment
avarello2026sicily,qualitative,Barriers identified,"digital maturity gaps, organisational culture, training needs, resistance to change",qualitative,2025,Abstract,"Identified barriers: digital maturity gaps, organizational culture, training needs, and resistance to change"
calabrese2022automotive,quantitative,Scope and population,"more than 2,000 firms",firms,,abstract,"The Italian automotive supply chain is one of the most relevant in Europe with more than 2,000 firms and covers all product specialisation"
calabrese2022automotive,qualitative,Productivity premium of Industry 4.0 investment,not found,qualitative,,abstract,Literature suggests better performance for whom invested in Industry 4.0; however our findings did not match expectations although some interesting exceptions emerge
morelli2022diffusion,quantitative,"Data source, sample and period","23,700 companies, MET survey",firms,2017-2018,abstract,"This study is based on the processing of data from a survey conducted by the Monitoring Economy Territory (MET). The survey took place between October 2017 and February 2018 ... The sample consists of 23,700 companies"
ali2020veneto,qualitative,Objective and population,,,,abstract,the assessment of the awareness and readiness level of manufacturing firms within the Vento region of Italy
demarchi2020circular,quantitative,Sample,about 200 adopters,firms,,abstract,"Based on an empirical analysis of about 200 Italian manufacturing firms adopting such technologies, the chapter maps the knowledge implications of adoption"
demarchi2020circular,qualitative,Sustainability as unplanned outcome; technologies and process linked to green results,,qualitative,,abstract,"environmental sustainability is often an unexpected, non-planned result of the adoption, and that sustainability outcomes entail more often the adoption of robotics and augmented reality technologies"
demarchi2020circular,qualitative,Adoption in the production process and sustainability outcomes,,qualitative,,abstract,adoption resulting in sustainability outcomes is more likely when the technology is adopted in the production process
coro2020veneto,qualitative,"Profile of I4.0 adopters: human capital, productivity, employment",,qualitative,,abstract,"firms adopting I4.0 technologies are not only more characterized by workers with higher competences and educational profiles but are also those showing higher productivity, employment growth and a shared value strategy"
coro2020veneto,qualitative,Policy implication,,qualitative,,abstract,industrial policies for supporting technological change within I4.0 should go hand in hand with policies for training firms' human capital and policies favouring internationalization processes
kazemargi2020itinvest,quantitative,Sample and object,"1,889 SMEs",firms,,abstract,We analyze the responses of 1889 Italian SMEs to Government policies designed to facilitate SMEs in adopting technologies for Industry 4.0
gherardini2020districts,qualitative,Design,,qualitative,2017,abstract,This article considers the first year of implementation of the «Impresa 4.0» ... Through the construction of an original dataset and a counterfactual analysis
gherardini2020districts,qualitative,District location and incentive take-up,positive,qualitative,2017,abstract,we demonstrate that the collocation of a firm in an industrial district can explain its propensity to take part to the industrial policy
cannas2026lean,quantitative,Sample,151,manufacturing companies in Italy,n/a,Abstract,Data were collected via a survey of 151 manufacturing companies operating in Italy and analyzed using hierarchical multiple regression analysis
cannas2026lean,quantitative,Effect of I4.0 and LP on circular economy adoption,both positive and significant; I4.0 stronger,qualitative,n/a,Abstract,both LP and I4.0 are significantly and positively associated with CE adoption. I4.0 technologies have a stronger individual impact on CE adoption than LP
cannas2026lean,qualitative,Moderation of I4.0 on LP-CE link,not supported,qualitative,n/a,Abstract,the hypothesized moderating effect of I4.0 on the LP–CE relationship is not supported
percuoco2026utaut,quantitative,Sample and response,"52 of 1,664",valid responses / SMEs contacted (3.1%),n/a,Abstract,"Data were collected through an online survey sent to 1664 innovative SMEs, with 52 valid responses, and analyzed using Partial Least Squares Structural Equation Modeling"
percuoco2026utaut,qualitative,Determinants of AI adoption (UTAUT),"Performance Expectancy, Social Influence, Facilitating Conditions significant; Effort Expectancy not",qualitative,n/a,Abstract,"Results reveal that Performance Expectancy, Social Influence, and Facilitating Conditions significantly influence adoption, while Effort Expectancy does not"
percuoco2026utaut,qualitative,Effect of AI adoption on circular economy practices,positive,qualitative,n/a,Abstract,"AI adoption positively affects CE practices, positioning AI as both a technological resource and a strategic driver of sustainability"
quadras2026fashion,quantitative,Sample,"27 professionals, 11 companies",interviews (four rounds),n/a,Abstract,A Grounded Theory methodology was employed involving four rounds of semi-structured interviews with 27 professionals from 11 Italian fashion companies
quadras2026fashion,qualitative,State of AI adoption in the fashion supply chain,exploratory and fragmented,qualitative,n/a,Abstract,AI adoption in the Fashion Supply Chain (FSC) remains exploratory and fragmented
quadras2026fashion,qualitative,"Drivers, barriers and enablers","drivers: efficiency, analytics, market responsiveness; barriers: technological, financial, cultural; enablers: leadership, training, governance",qualitative,n/a,Abstract,"While driven by operational efficiency, advanced analytics, and market responsiveness, it faces technological, financial, and cultural barriers. Key enablers include leadership support, targeted training, and governance frameworks"
acciai2026madeinitaly,quantitative,Sample,60 firms; 6 interviews,Made in Italy fashion companies,n/a,Abstract,the chapter combines a quantitative survey of 60 firms with qualitative insights from six semi- structured interviews
acciai2026madeinitaly,quantitative,AI adoption vs other 4.0 technologies,"AI limited; 3D printing, blockchain, robotics, analytics adopted by many",qualitative,n/a,Abstract,"many companies have adopted technologies such as 3D printing, blockchain, robotics, and data analytics ... Although artificial intelligence adoption remains limited, increasing interest in data- driven tools emerges"
ardolino2022logistics,quantitative,Sample,91 (plus 8 interviews),Italian manufacturing companies,n/a,Abstract,An exploratory survey was carried out on 91 Italian manufacturing companies ... The study also included eight interviews with survey respondents
ardolino2022logistics,qualitative,State of Logistics 4.0 adoption,still immature; few adopters,qualitative,n/a,Abstract,"The overall results indicate that the adoption of Logistics 4.0 is still immature but has huge potential. Moreover, the few companies adopting at least one technology have sought benefits related mainly to warehouse activities and efficiency in process operations"
bettiol2022regional,quantitative,Sample,205,Made in Italy SMEs in Northern Italy,n/a,Abstract,This paper explores such relationships based on an original survey of 205 SMEs operating in the Made in Italy sectors and located in Northern Italy
bettiol2022regional,qualitative,Determinants of I4.0 adoption,industry and region both matter,qualitative,n/a,Abstract,The results reveal the role of both industry and the region in which the firm is located in explaining the differences in terms of Industry 4.0 adoption
bravi2022additive,quantitative,Sample and period,"234 of 2,035","respondents / sampled wood-furniture firms (11.5%), 2017",2017,Abstract,"It has been administered a questionnaire in 2017, on a sample of 2035 Italian companies in the wood-furniture industry, using simple random sampling, obtaining 234 participants"
bravi2022additive,qualitative,Main perceived advantages of 3D printing,"time to define specifications, prototyping and production time",qualitative,2017,Abstract,"the main advantages of using 3D printing are the reduction in time to define technical specifications of products, in time for prototyping and production"
bravi2022additive,qualitative,Condition for successful implementation,"change in jobs, tasks and work practices",qualitative,2017,Abstract,"For the successful implementation of AM technologies, the decision to adopt them has to be accompanied by a change in jobs and tasks, and thus a change in work practices and structure"
