title,authors,year,source,doi,decision,reason,relevance_note,batch,tier
"Artificial Intelligence Adoption in Sicilian SMEs: Awareness, Readiness, and Context-Specific Pathways",Avarello C.; Cava A.; Marozzo V.; Micali F.; Nucita A.; Russo S.,2026,Lecture Notes in Networks and Systems,10.1007/978-3-032-23684-5_39,include,"Interviews plus survey of 2,000+ Sicilian SMEs on AI awareness, readiness, barriers (TOE)","RQ1 breadth, RQ3 barriers (Mezzogiorno); AI specifically (incl. GenAI); conference paper, response n not stated | Crossref: Artificial Intelligence Adoption in Sicilian SMEs: Awareness, Readiness, and Context-Speci (2026, Lecture Notes in Networks and Systems)",A,1
Digital technologies and global value chains: evidence from the Italian industry,Agostino M.; Brancati E.; Giunta A.; Scalera D.; Trivieri F.,2026,Industry and Innovation,10.1080/13662716.2025.2487508,include,"~25,000 Italian industrial firms 2017-2019: GVC participation and digital technology adoption","RQ3 determinants (GVC, size); digital/I4.0 bundle; large firm-level dataset | Crossref: Digital technologies and global value chains: evidence from the Italian industry (2025, Industry and Innovation)",A,1
Firm adoption of Industry 4.0 technologies in times of economic turmoil: the role of enabling factors,Cucculelli M.; Lamperti F.; Mondolo J.; Pompei F.; Venturini F.,2026,Journal of Technology Transfer,10.1007/s10961-025-10263-1,include,Two-wave representative survey of Italian firms: enabling technologies and skills drive I4.0 adoption,"RQ3 enablers (precursor technologies, skills); I4.0 bundle; pre/post Covid | Crossref: Firm adoption of Industry 4.0 technologies in times of economic turmoil: the role of enabl (2025, The Journal of Technology Transfer)",A,1
From adoption to assimilation: routinised GenAI use and SMEs digital presence,Jegerson D.; Passacantilli A.; Belfanti F.; Riva M.; Alberti F.G.,2026,European Journal of Innovation Management,10.1108/EJIM-05-2026-0720,include,GenAI usage logs for 175 Italian SMEs linked to digital presence and AIDA controls,"RQ1 depth (usage intensity), RQ4 effects; AI specifically (GenAI); novel log-based measurement (RQ5) | Crossref: From adoption to assimilation: routinised GenAI use and SMEs' digital presence (2026, European Journal of Innovation Management)",A,1
Investigating the state-of-the-art and challenges of artificial intelligence for production management in Italian manufacturing SMEs,Chiarini A.; Grando A.; Bag S.,2026,Journal of Manufacturing Technology Management,10.1108/JMTM-07-2025-0725,include,Delphi plus survey of 229 Italian manufacturing SMEs on AI for production management and TOE barriers,"RQ2 functions (production), RQ3 barriers; AI specifically; manufacturing SMEs | Crossref: Investigating the state-of-the-art and challenges of artificial intelligence for productio (2026, Journal of Manufacturing Technology Management)",A,1
Technological complexity and global capabilities in SMEs. A survey in an Italian industrial region,Cattaruzzo S.; Corò G.; Borsato R.,2026,Industry and Innovation,10.1080/13662716.2026.2637174,include,"Survey of ~2,000 Veneto firms plus microdata: digital technology complexity index and exports","RQ4 effects (exports); digital/I4.0 bundle; regional | Crossref: Technological complexity and global capabilities in SMEs. A survey in an Italian industria (2026, Industry and Innovation)",A,1
"The geography of artificial intelligence in European regions: innovation, exposure and use",Buarque B.; Casas P.; Fernández-Macías E.; González-Vázquez I.; Hynes R.; Kogler D.F.; Salotti S.,2026,Regional Studies,10.1080/00343404.2026.2681659,include,"EU NUTS-2 regions, six official indicators; exposure and worker use widespread, firm adoption concentrated; implementation gap","RQ1 depth vs breadth, RQ3 regional/Mezzogiorno gap (post-2019 evidence); criterion a at regional not firm level, flag",B,1
The effect of industry 4.0 and lean management on operational performance improvement: evidence from Italy,Grando A.; Belvedere V.; Chiarini A.; D'Angelo V.,2026,Total Quality Management and Business Excellence,10.1080/14783363.2026.2653629,include,"Survey of 189 Italian factories: I4.0 adoption, lean practices and operational performance","RQ4 (effects on productivity and quality), RQ3 (lean as enabler); Industry 4.0 bundle, not AI-specific; Crossref verified",C,1
Advanced Digital Technologies in Unionized Firms,Berton F.; Dughera S.; Ricci A.,2025,Italian Economic Journal,10.1007/s40797-024-00276-4,include,INAPP RIL 2018 representative sample: unions causally raise advanced digital technology adoption,"RQ3 determinants (industrial relations); advanced digital/I4.0 bundle; IV design | Crossref: Advanced Digital Technologies in Unionized Firms (2024, Italian Economic Journal)",A,1
Artificial Intelligence Adoption for Sustainable Growth in SMEs: An Extended Dynamic Capability Framework,Cimino A.; Corvello V.; Troise C.; Thomas A.; Tani M.,2025,Corporate Social Responsibility and Environmental Management,10.1002/csr.70019,include,"PLS-SEM on 210 Italian innovative startups: dynamic capabilities, AI adoption, performance","RQ3 enablers, RQ4 effects; AI specifically; startups, not manufacturing-specific | Crossref: Artificial Intelligence Adoption for Sustainable Growth in SMEs</ (2025, Corporate Social Responsibility and Environmental Management)",A,1
Business digitalization in Italy: A comprehensive analysis using supplementary fuzzy set approach,Benedetti I.; Crescenzi F.; Laureti T.; Salvini N.,2025,Big Data Research,10.1016/j.bdr.2025.100538,include,"ISTAT ICT survey microdata: fuzzy digitalisation index by sector, size, area","RQ1 breadth, RQ5 measurement; digital bundle (AI, cloud, IoT); official microdata | Crossref: Business digitalization in Italy: A comprehensive analysis using supplementary fuzzy set a (2025, Big Data Research)",A,1
Digital adoption and human capital upscaling: a regional study of the manufacturing sector,Moncada R.; Carbonero F.; Geuna A.; Riso L.,2025,Small Business Economics,10.1007/s11187-024-00975-3,include,"Unioncamere Piemonte survey, manufacturing: digital investment and hiring by education level","RQ4 effects (employment composition); digital bundle; regional representative sample | Crossref: Digital adoption and human capital upscaling: a regional study of the manufacturing sector (2024, Small Business Economics)",A,1
Entrepreneurs’ impatience and digital technologies,Basiglio S.; Ricci A.; Rossi M.,2025,Small Business Economics,10.1007/s11187-024-00974-4,include,RIL representative sample: entrepreneur impatience reduces digital investment (IV),"RQ3 determinants (entrepreneur traits); digital bundle | Crossref: Entrepreneurs’ impatience and digital technologies (2024, Small Business Economics)",A,1
"More technology, more loans? How advanced digital technologies influence firms’ financing conditions",Bronzini R.; Giunta A.; Pierucci E.; Sforza M.,2025,Structural Change and Economic Dynamics,10.1016/j.strueco.2024.11.011,include,Bank of Italy INVIND 2015-2019 plus Cerved: I4.0 adoption effects on credit conditions,"RQ4 effects (financing); I4.0 bundle; IV/treatment model | Crossref: More technology, more loans? How advanced digital technologies influence firms’ financing (2025, Structural Change and Economic Dynamics)",A,1
Path dependence in the digital adoption process: a cross-section analysis of Italian firms with a special focus on the Apulia region,Gahn S.J.,2025,Journal of Industrial and Business Economics,10.1007/s40812-025-00345-4,include,"Cross-section of Italian firms, Apulia focus: path dependence and location in digital adoption","RQ3 determinants (prior adoption, region); digital bundle; data source to verify | Crossref: Path dependence in the digital adoption process: a cross-section analysis of Italian firms (2025, Journal of Industrial and Business Economics)",A,1
Artificial intelligence adoption and revenue growth in European SMEs: synergies with IoT and big data analytics,"Ardito, L; Filieri, R; Raguseo, E; Vitari, C",2025,INTERNET RESEARCH,10.1108/INTR-02-2024-0195,include,"Flash Eurobarometer 486, 11,429 EU SMEs incl. Italy; AI adoption raises revenue growth, stronger with IoT/BDA",RQ4 effects and RQ1 complementary digital base; criterion a; 57 Crossref citations,B,1
Artificial Intelligence and the Great Reset: Impacts and Perspectives for Italian SMEs Business Model Innovation,Muto V.; Luongo S.; Percuoco M.; Tani M.,2024,Systems,10.3390/systems12090330,include,Questionnaire to innovative Italian SMEs on motivations for AI adoption and business model innovation,"RQ3 determinants, RQ2; AI specifically; n not in abstract | Crossref: Artificial Intelligence and the Great Reset: Impacts and Perspectives for Italian SMEs Bus (2024, Systems)",A,1
"Digital technologies, labor market flows and training: Evidence from Italian employer-employee data",Cirillo V.; Mina A.; Ricci A.,2024,Technological Forecasting and Social Change,10.1016/j.techfore.2024.123735,include,"Employer-employee data (RIL + Ministry of Labour), DiD: digital technologies raise hiring, cut separations","RQ4 effects (employment flows, training); digital bundle with robots/IoT split | Crossref: Digital technologies, labor market flows and training: Evidence from Italian employer-empl (2024, Technological Forecasting and Social Change)",A,1
Effects of Industry 4.0 on different export dimensions: empirical analysis on manufacturing SMEs,Cugno M.; Castagnoli R.; Büchi G.; Pini M.,2024,Journal of Manufacturing Technology Management,10.1108/JMTM-09-2023-0395,include,"Representative sample of 2,972 Italian manufacturing SMEs (2022): I4.0 breadth and export dimensions","RQ4 effects (exports); I4.0 bundle count | Crossref: Effects of Industry 4.0 on different export dimensions: empirical analysis on manufacturin (2025, Journal of Manufacturing Technology Management)",A,1
Innovation policy and corporate finance: The Italian automotive supply chain and its transition to Industry 4.0,Calabrese G.G.; Falavigna G.; Ippoliti R.,2024,Journal of Policy Modeling,10.1016/j.jpolmod.2024.01.007,include,Italian automotive supply-chain SMEs: I4.0 innovation policy effects on finance and performance,"RQ3 incentives, RQ4 effects; I4.0 bundle; policy evaluation | Crossref: Innovation policy and corporate finance: The Italian automotive supply chain and its trans (2024, Journal of Policy Modeling)",A,1
Drivers of Digital Transformation in SMEs,Omrani N.; Rejeb N.; Maalaoui A.; Dabic M.; Kraus S.,2024,IEEE Transactions on Engineering Management,10.1109/TEM.2022.3215727,include,"Flash Eurobarometer 486, 15,346 SMEs, ordered logit TOE drivers; digital technologies in general, not AI alone [lead reviewer: include]","RQ3 TOE drivers (IT infrastructure, skills over environment); criterion a but AI not isolated; 298 Crossref citations",B,1
"Productivity performance, distance to frontier and AI innovation: Firm-level evidence from Europe",Marioni L.D.S.; Rincon-Aznar A.; Venturini F.,2024,Journal of Economic Behavior and Organization,10.1016/j.jebo.2024.106762,include,"Firm-level 15 EU countries 2011-2019, DiD; AI measured by patents, not adoption; gains larger far from frontier [lead reviewer: include]","RQ4 productivity effects; criterion a borderline (AI innovation, Orbis-type data); same Venturini as venturini2022spillovers",B,1
Assessing the impact of digital technology diffusion policies. Evidence from Italy,Bratta B.; Romano L.; Acciari P.; Mazzolari F.,2023,Economics of Innovation and New Technology,10.1080/10438599.2022.2075357,include,"Journal version of catalog item bratta2020hyperdep (same authors, same hyper-depreciation evaluation) [lead reviewer: include]","Not new evidence: consider replacing the SSRN/WP citation with this EINT 2023 article | Crossref: Assessing the impact of digital technology diffusion policies. Evidence from Italy (2022, Economics of Innovation and New Technology)",A,1
Digital technologies and productivity: A firm-level investigation,Nucci F.; Puccioni C.; Ricchi O.,2023,Economic Modelling,10.1016/j.econmod.2023.106524,include,Italian firm-level data 2015-2018: digital adoption incl. AI and TFP growth,"RQ4 effects (productivity); distinguishes AI-related investment from bundle; size/sector heterogeneity | Crossref: Digital technologies and productivity: A firm-level investigation (2023, Economic Modelling)",A,1
Robots and the productivity of local manufacturing systems in Emilia-Romagna: the mediating role of occupational similarity and complexity,Antonietti R.; Cattani L.; Pedrini G.,2023,European Planning Studies,10.1080/09654313.2022.2161816,include,"Robots and productivity/employment in 39 Emilia-Romagna local labour markets x 15 industries, 2008-2017 [lead reviewer: include]","Open question: area-industry data, not firm-level; RQ4 employment; robots only | Crossref: Robots and the productivity of local manufacturing systems in Emilia-Romagna: the mediatin (2023, European Planning Studies)",A,1
"The adoption of digital technologies: Investment, skills, work organisation",Cirillo V.; Fanti L.; Mina A.; Ricci A.,2023,Structural Change and Economic Dynamics,10.1016/j.strueco.2023.04.011,include,"Representative sample of Italian firms (RIL): determinants of digital adoption, skills, training, bargaining","RQ3 determinants (education, training, work organisation); digital bundle; manufacturing vs services | Crossref: The adoption of digital technologies: Investment, skills, work organisation (2023, Structural Change and Economic Dynamics)",A,1
Does Industry 4.0 improve productivity? Evidence from the Italian automotive supply chain,Calabrese G.G.; Falavigna G.,2022,International Journal of Automotive Technology and Management,10.1504/ijatm.2022.126843,include,"Italian automotive supply chain: I4.0 diffusion, constraints and productivity performance","RQ1 breadth, RQ4 productivity (no clear premium); I4.0 bundle; sectoral | Crossref: Does Industry 4.0 improve productivity Evidence from the Italian automotive supply chain (2022, International Journal of Automotive Technology and Management)",A,1
Industry 4.0 and intelligent predictive maintenance: a survey about the advantages and constraints in the Italian context,Stefanini R.; Tancredi G.P.C.; Vignali G.; Monica L.,2022,Journal of Quality in Maintenance Engineering,10.1108/JQME-12-2021-0096,include,Survey (Univ. Parma/INAIL) of 70 Italian companies on intelligent predictive maintenance and 4.0 KETs,"RQ2 functions (predictive maintenance 37%), RQ3 size/North; AI within I4.0 bundle; small n | Crossref: Industry 4.0 and intelligent predictive maintenance: a survey about the advantages and con (2022, Journal of Quality in Maintenance Engineering)",A,1
Industry 4.0 and production recovery in the covid era,Cugno M.; Castagnoli R.; Büchi G.; Pini M.,2022,Technovation,10.1016/j.technovation.2021.102443,include,"Representative sample of 2,622 Italian manufacturing SMEs: I4.0 openness and perceived production recovery","RQ4 effects (resilience); I4.0 bundle count | Crossref: Industry 4.0 and production recovery in the covid era (2022, Technovation)",A,1
Industry 4.0 technologies and circular economy: The mediating role of supply chain integration,Di Maria E.; De Marchi V.; Galeazzo A.,2022,Business Strategy and the Environment,10.1002/bse.2940,include,"Survey of 1,200+ Italian manufacturing firms (~200 adopters): I4.0 technologies, SC integration, CE","RQ1 breadth, RQ4 effects (CE); I4.0 bundle split by technology type | Crossref: Industry 4.0 technologies and circular economy: The mediating role of supply chain integra (2022, Business Strategy and the Environment)",A,1
Knowledge Analysis on the Industry 4.0 Diffusion in Italian Manufacturing: Opportunities and Threats,Morelli G.; Musso F.; Murmura F.; Bravi L.,2022,Lecture Notes in Information Systems and Organisation,10.1007/978-3-030-94617-3_15,include,"MET survey 2017-18, 23,700 companies: diffusion of I4.0 enabling technologies in Italy","RQ1 breadth, RQ5 (MET source); I4.0 bundle; conference paper | Crossref: Knowledge Analysis on the Industry 4.0 Diffusion in Italian Manufacturing: Opportunities a (2022, Lecture Notes in Information Systems and Organisation)",A,1
What is Quality 4.0? An exploratory sequential mixed methods study of Italian manufacturing companies,Chiarini A.; Kumar M.,2022,International Journal of Production Research,10.1080/00207543.2021.1942285,include,Two questionnaire samples of Italian manufacturing quality managers on Quality 4.0 incl. AI software use [lead reviewer: include],"Open question: sample sizes and whether AI use rates are reported; RQ2 (quality) | Crossref: What is Quality 4.0? An exploratory sequential mixed methods study of Italian manufacturin (2021, International Journal of Production Research)",A,1
How do industry 4.0 technologies influence organisational change? An empirical analysis of Italian SMEs,Cimini C.; Boffelli A.; Lagorio A.; Kalchschmidt M.; Pinto R.,2021,Journal of Manufacturing Technology Management,10.1108/JMTM-04-2019-0135,include,Ten case studies of Italian manufacturing SMEs: prerequisites and consequences of I4.0 [lead reviewer: include],"Open question: 10 cases; RQ3 (lean prerequisites), RQ4 (job profiles, competences) | Crossref: How do industry 4.0 technologies influence organisational change? An empirical analysis of (2020, Journal of Manufacturing Technology Management)",A,1
The dissemination mechanisms of Industry 4.0 knowledge in traditional industrial districts:evidence from Italy,Pagano A.; Carloni E.; Galvani S.; Bocconcelli R.,2021,Competitiveness Review,10.1108/CR-12-2019-0160,include,Pesaro furniture/woodworking machinery district: 18 interviews on I4.0 knowledge dissemination [lead reviewer: include],"Open question: single-district qualitative case; districts are a stated evidence gap (RQ3) | Crossref: The dissemination mechanisms of Industry 4.0 knowledge in traditional industrial districts (2020, Competitiveness Review: An International Business Journal)",A,1
'Industry 4.0' awareness and readiness within the vento region (Italy),Ali S.S.; Bailey D.; de Propris L.; Nunes B.,2020,"Towards the Digital World and Industry X.0 - Proceedings of the 29th International Conference of the International Association for Management of Technology, IAMOT 2020",,include,"Survey of 1,829 Veneto firms on I4.0 awareness and readiness","RQ1 breadth/readiness, RQ3 policy/funding mismatch; I4.0 bundle; conference paper, no DOI | Crossref: no DOI in record",A,1
Achieving circular economy via the adoption of industry 4.0 technologies: A knowledge management perspective,De Marchi V.; Di Maria E.,2020,Knowledge Management and Organizational Learning,10.1007/978-3-030-43589-9_7,include,~200 Italian manufacturing I4.0 adopters: sustainability/CE outcomes by technology and process,"RQ4 effects (sustainability), RQ2 (production process); I4.0 bundle; book chapter | Crossref: Achieving Circular Economy Via the Adoption of Industry 4.0 Technologies: A Knowledge Mana (2020, Knowledge Management and Organizational Learning)",A,1
Driving factors and effects on smes of the adoption of industry 4.0 technologies: An investigation of veneto region; [Fattori abilitanti e impatti sulle pmi nell'adozione di tecnologie digitali di ultima generazione. Un'analisi sul Veneto],Corò G.; Plechero M.; Volpe M.,2020,Industria,10.1430/97563,include,"Representative Veneto firm database: I4.0 adoption drivers (human capital), productivity, employment","RQ3 determinants, RQ4 effects; I4.0 bundle; regional | Crossref: DOI not in Crossref (Il Mulino/Rivisteweb DOI registered with mEDRA); verify on rivisteweb.it",A,1
IT Investment Decisions in Industry 4.0: Evidences from SMEs,Kazemargi N.; Spagnoletti P.,2020,Lecture Notes in Information Systems and Organisation,10.1007/978-3-030-47355-6_6,include,"1,889 Italian SMEs' responses to I4.0 government policies and IT investment propensity","RQ3 incentives; I4.0 bundle; conference paper | Crossref: IT Investment Decisions in Industry 4.0: Evidences from SMEs (2020, Lecture Notes in Information Systems and Organisation)",A,1
Industry 4.0 strategies and technological developments. An exploratory research from Italian manufacturing companies,Chiarini A.; Belvedere V.; Grando A.,2020,Production Planning and Control,10.1080/09537287.2019.1710304,include,Survey of 200 Italian manufacturing plants: I4.0 technologies and manufacturing strategies,"RQ2 functions/strategies, RQ4 benefits; I4.0 bundle | Crossref: Industry 4.0 strategies and technological developments. An exploratory research from Itali (2020, Production Planning & Control)",A,1
The relationship between digital technologies and internationalisation. Evidence from Italian SMEs,Cassetta E.; Monarca U.; Dileo I.; Di Berardino C.; Pini M.,2020,Industry and Innovation,10.1080/13662716.2019.1696182,include,"Italian SMEs: e-business technologies, complementary innovations and export propensity [lead reviewer: include]","Open question: e-business, not AI/I4.0; RQ4 exports; likely ISTAT ICT data | Crossref: The relationship between digital technologies and internationalisation. Evidence from Ital (2019, Industry and Innovation)",A,1
Riding the wave of change. The impact of the plan «Impresa 4.0» on industrial districts; [Cavalcare l'onda del cambiamento. Il Piano Impresa 4.0 alla prova dei distretti],Gherardini A.; Pessina G.,2020,Industria,10.1430/97562,include,Original firm dataset and counterfactual analysis of Impresa 4.0 incentive uptake by industrial-district firms (Italian-language),"RQ3 (districts as determinant of policy uptake), RQ1 (incentive adhesion, first year 2017); Industry 4.0 bundle; DOI registered at mEDRA (resolves to L'Industria, ISSN 0019-7416), not Crossref",C,1
Analyzing the interplay between Lean Production and Industry 4.0 to support Circular Economy,Cannas V.G.; Lazzarotti V.; Pozzi R.; Saporiti N.; Urbinati A.,2026,Journal of Manufacturing Technology Management,10.1108/JMTM-06-2025-0484,include,Survey 151 Italian manufacturing firms; LP and I4.0 effects on circular-economy adoption,"RQ4 effects (CE/innovation); I4.0 bundle | Crossref: Analyzing the interplay between Lean Production and Industry 4.0 to support Circular Econo (2025, Journal of Manufacturing Technology Management)",A,2
Artificial Intelligence for a Sustainable Future: Unraveling Its Impact on Circular Economy,Percuoco M.; Prisco A.; Ricciardi I.; Dell’Anno V.,2026,Lecture Notes in Networks and Systems,10.1007/978-3-032-23684-5_86,include,UTAUT survey of innovative Italian SMEs on AI adoption and CE effects; n=52,"RQ3 determinants, RQ4 effects; AI specifically; very small sample | Crossref: Artificial Intelligence for a Sustainable Future: Unraveling Its Impact on Circular Econom (2026, Lecture Notes in Networks and Systems)",A,2
Artificial intelligence in forward supply chains: insights from fashion industry,de Oliveira Quadras D.L.; Bandinelli R.; Fani V.,2026,Journal of Manufacturing Technology Management,10.1108/JMTM-09-2025-0955,include,"Grounded theory, 27 interviews in 11 Italian fashion companies on AI adoption in supply chain","RQ2 functions, RQ3 barriers/enablers; AI specifically; qualitative multi-case | Crossref: Artificial intelligence in forward supply chains: insights from fashion industry (2026, Journal of Manufacturing Technology Management)",A,2
Evaluating Industry 5.0 Adoption: Insights on Industrial IoT and Sustainability in Italian Manufacturing,Scarpino C.; Tumino A.; Salvadori G.; Vadruccio R.,2026,Procedia Computer Science,10.1016/j.procs.2026.02.110,include,Survey of 160+ Italian manufacturing firms on Industrial IoT adoption by size and sustainability,"RQ1 breadth by size, RQ4 effects; I4.0 bundle (IIoT); Transition 5.0 context | Crossref: Evaluating Industry 5.0 Adoption: Insights on Industrial IoT and Sustainability in Italian (2026, Procedia Computer Science)",A,2
"Harnessing AI Capacities for Sustainable Business Models: Empowering Firms across Economic, Social, and Environmental Dimensions",Nevi G.; Bartoloni S.; Pascucci F.; Dezi L.,2026,IEEE Transactions on Engineering Management,10.1109/TEM.2026.3677052,include,Interviews with CEOs/managers of 11 Italian cosmetics companies on AI capacities and SBM,"RQ2 functions; AI specifically; qualitative multi-case | Crossref: Harnessing AI Capacities for Sustainable Business Models: Empowering Firms Across Economic (2026, IEEE Transactions on Engineering Management)",A,2
"Integrating Industry 4.0 and Industry 5.0: a study of hybrid adoption in SMEs and its impact on sustainability, human-centricity, resilience",Bravi L.; Pierli G.; Murmura F.; Musso F.,2026,International Journal of Production Research,10.1080/00207543.2025.2596960,include,Survey of 78 Italian automotive SMEs: hybrid I4.0/I5.0 adoption and sustainability/human-centric effects,"RQ1 adoption patterns, RQ4 effects; I4.0 bundle; small n | Crossref: Integrating Industry 4.0 and Industry 5.0: a study of hybrid adoption in SMEs and its impa (2025, International Journal of Production Research)",A,2
Sizing the roles: an exploratory research about Logistics 4.0 diffusion,Modica T.; Colicchia C.; Tappia E.; Klumpp M.,2026,International Journal of Logistics Research and Applications,10.1080/13675567.2025.2485118,include,"Interviews with 65 Italian firms on Logistics 4.0 diffusion, SMEs vs large","RQ1 depth/maturity, RQ2 application areas; I4.0 bundle (logistics) | Crossref: Sizing the roles: an exploratory research about Logistics 4.0 diffusion (2025, International Journal of Logistics Research and Applications)",A,2
"The Relationship Between “Made in Italy” and 4.0 Technologies: Artificial Intelligence, Sustainability, and Responsible Innovation in the Fashion Industry",Acciai E.,2026,Ethical Consumption and Responsible Innovation in Fashion Through AI,10.4018/979-8-3373-7200-6.ch004,include,Survey of 60 Made in Italy fashion firms plus 6 interviews on 4.0 technologies incl. AI,"RQ1 breadth (AI adoption limited vs other 4.0 tech); I4.0 bundle with AI item; book chapter | Crossref: The Relationship Between “Made in Italy” and 4.0 Technologies (2026, Advances in Computational Intelligence and Robotics)",A,2
How Industry 4.0 is shaping the future of a disadvantaged region: The case of Calabria,Cosma A.M.I.; Silvestri L.; Coloca A.; Filice L.,2025,Procedia Computer Science,10.1016/j.procs.2025.02.034,include,Interviews with 20 Calabrian entrepreneurs on motivations and effects of I4.0 investments,"RQ3 incentives, RQ4 perceived effects; I4.0 bundle; Mezzogiorno; qualitative, conference paper | Crossref: How Industry 4.0 is shaping the future of a disadvantaged region: the case of Calabria (2025, Procedia Computer Science)",A,2
Interfirm Collaboration Enhancing Twin Transition: Evidence From the Italian Fashion Industry,Zoppelletto A.; Santini E.; Rossignoli C.; Ricciardi F.,2025,IEEE Transactions on Engineering Management,10.1109/TEM.2025.3528260,include,"Survey of fashion firms in NE Italy: pressures, collaboration, digital technologies and green transition by size","RQ3 enablers (size, collaboration); digital/I4.0 bundle; n not in abstract | Crossref: Interfirm Collaboration Enhancing Twin Transition: Evidence From the Italian Fashion Indus (2025, IEEE Transactions on Engineering Management)",A,2
The Impact of Artificial Intelligence and Sustainability Management on Fostering ESG Practices and Competitive Perspectives Among SMEs,Ferraro G.; Quinto I.; Scandurra G.; Thomas A.,2025,Corporate Social Responsibility and Environmental Management,10.1002/csr.70051,include,PLS-SEM on Italian SMEs: AI and sustainability management foster ESG practices and competitiveness,"RQ4 effects (ESG/competitiveness); AI specifically; n not in abstract | Crossref: The Impact of Artificial Intelligence and Sustainability Management on Fostering (2025, Corporate Social Responsibility and Environmental Management)",A,2
Unveiling Industrial Internet of Things potential for sustainable manufacturing: A Triple Bottom Line approach,Vadruccio R.; Scarpino C.; Tumino A.,2025,Procedia Computer Science,10.1016/j.procs.2025.01.170,include,"Survey of Italian manufacturing companies: IIoT adoption, size and triple-bottom-line value","RQ4 effects, RQ3 size; I4.0 bundle (IIoT); conference paper | Crossref: Unveiling Industrial Internet of Things potential for sustainable manufacturing: a Triple (2025, Procedia Computer Science)",A,2
Digital solutions for workplace safety: An empirical study on their adoption in Italian metalworking SMEs,Cagno E.; Accordini D.; Neri A.; Negri E.; Macchi M.,2024,Safety Science,10.1016/j.ssci.2024.106598,include,"Survey of employers in Italian metalworking SMEs: adoption of digital safety solutions, barriers, drivers","RQ3 barriers/drivers by size; digital/I4.0 bundle (safety applications); manufacturing | Crossref: Digital solutions for workplace safety: An empirical study on their adoption in Italian me (2024, Safety Science)",A,2
Exploiting Industry 4.0 beyond expectations: an empirical study of manufacturing firms,Capestro M.; Di Maria E.; Bettiol M.,2024,Technology Analysis and Strategic Management,10.1080/09537325.2023.2254416,include,"SEM on 168 Italian manufacturing firms: drivers, I4.0 breadth, marketing and production outcomes","RQ3 drivers, RQ4 outcomes; I4.0 bundle | Crossref: Exploiting Industry 4.0 beyond expectations: an empirical study of manufacturing firms (2023, Technology Analysis & Strategic Management)",A,2
Fostering digital literacy among small and micro-enterprises: digital transformation as an open and guided innovation process,Coco N.; Colapinto C.; Finotto V.,2024,R and D Management,10.1111/radm.12645,include,Action research on 74 Italian MSMEs in an I4.0 adoption policy initiative: enablers and barriers,"RQ3 barriers/enablers (training, networking); I4.0 bundle; policy initiative | Crossref: Fostering digital literacy among small and micro‐enterprises: digital transformation as an (2023, R&D Management)",A,2
The Selection of Industry 4.0 Technologies Through Bayesian Networks: An Operational Perspective,De Giovanni P.; Belvedere V.; Grando A.,2024,IEEE Transactions on Engineering Management,10.1109/TEM.2022.3200868,include,Bayesian network on 289 Italian manufacturing(-related) firms: I4.0 technologies and operational performance,"RQ4 effects (operational), technology synergies; I4.0 bundle | Crossref: The Selection of Industry 4.0 Technologies Through Bayesian Networks: An Operational Persp (2024, IEEE Transactions on Engineering Management)",A,2
Adoption paths of digital transformation in manufacturing SME,Battistoni E.; Gitto S.; Murgia G.; Campisi D.,2023,International Journal of Production Economics,10.1016/j.ijpe.2022.108675,include,PLS-SEM plus NCA on wide sample of Italian SMEs: implementation paths of digital transformation,"RQ1 depth (sequencing of technologies), RQ3 enablers; digital/I4.0 bundle | Crossref: Adoption paths of digital transformation in manufacturing SME (2023, International Journal of Production Economics)",A,2
Leveraging on intra- and inter-organizational collaboration in Industry 4.0 adoption for knowledge creation and innovation,Bettiol M.; Capestro M.; Di Maria E.; Grandinetti R.,2023,European Journal of Innovation Management,10.1108/EJIM-10-2022-0593,include,"Survey of 137 Italian manufacturing firms: I4.0 breadth, depth, collaboration, knowledge creation","RQ1 depth, RQ4 innovation; I4.0 bundle | Crossref: Leveraging on intra- and inter-organizational collaboration in Industry 4.0 adoption for k (2023, European Journal of Innovation Management)",A,2
Technology adoption and upskilling in the wake of Industry 4.0,Pedota M.; Grilli L.; Piscitello L.,2023,Technological Forecasting and Social Change,10.1016/j.techfore.2022.122085,include,Large cross-section of Italian firms: digital vs physical I4.0 adoption and upskilling by size,"RQ3 skills, RQ4 employment composition; I4.0 bundle | Crossref: Technology adoption and upskilling in the wake of Industry 4.0 (2023, Technological Forecasting and Social Change)",A,2
The performance impact of Industry 4.0 technologies on closed-loop supply chains: insights from an Italy based survey,Aldrighetti R.; Battini D.; Das A.; Simonetto M.,2023,International Journal of Production Research,10.1080/00207543.2022.2075291,include,PLS-SEM on NE Italy enterprises: I4.0 technologies moderate CLSC practices and performance,"RQ4 effects (environmental/social/financial); I4.0 bundle, data-driven vs process-driven split | Crossref: The performance impact of Industry 4.0 technologies on closed-loop supply chains: insights (2022, International Journal of Production Research)",A,2
The road towards industry 4.0: a comparative study of the state-of-the-art in the Italian manufacturing industry,Zheng T.; Ardolino M.; Bacchetti A.; Perona M.,2023,Benchmarking,10.1108/BIJ-01-2021-0056,include,"Descriptive survey of 102 Italian manufacturing firms, 40 longitudinal: I4.0 adoption, functions, benefits, obstacles","RQ1 breadth, RQ2 functions, RQ3 obstacles; I4.0 bundle; size and IS coverage as drivers | Crossref: The road towards industry 4.0: a comparative study of the state-of-the-art in the Italian (2021, Benchmarking: An International Journal)",A,2
An exploratory survey on the impacts of Logistics 4.0 on Italian manufacturing companies,Ardolino M.; Bacchetti A.; Perona M.; Zheng T.; Adrodegari F.,2022,International Journal of Integrated Supply Management,10.1504/IJISM.2022.121909,include,"Exploratory survey of 91 Italian manufacturing firms on Logistics 4.0 adoption, benefits, obstacles","RQ1 breadth, RQ3 barriers; I4.0 bundle (logistics) | Crossref: An exploratory survey on the impacts of Logistics 4.0 on Italian manufacturing companies (2022, International Journal of Integrated Supply Management)",A,2
Disentangling the link between ICT and Industry 4.0: impacts on knowledge-related performance,Bettiol M.; Capestro M.; Di Maria E.; Micelli S.,2022,International Journal of Productivity and Performance Management,10.1108/IJPPM-10-2020-0573,include,"Survey of 206 Italian manufacturing I4.0 adopters: ICT base and I4.0 intensity, knowledge performance","RQ1 depth (precursor ICT), RQ4; I4.0 bundle; adopters only | Crossref: Disentangling the link between ICT and Industry 4.0: impacts on knowledge-related performa (2021, International Journal of Productivity and Performance Management)",A,2
Industry 4.0 Adoption in Manufacturing SMEs: Exploring the Role of Industry and Regional Scale in Northern Italy,Bettiol M.; Capestro M.; Di Maria E.,2022,Scienze Regionali,10.14650/103210,include,Survey of 205 Made in Italy SMEs in Northern Italy: industry and region in I4.0 adoption,"RQ3 determinants (sector, region); I4.0 bundle | Crossref: DOI not in Crossref (Il Mulino/Rivisteweb DOI registered with mEDRA); verify on rivisteweb.it",A,2
Additive Manufacturing as a Digital Design Technology in the Wood-Furniture Sector: Benefits and Barriers to Its Implementation,Bravi L.; Murmura F.; Santos G.,2022,Lecture Notes in Information Systems and Organisation,10.1007/978-3-030-94617-3_18,include,"Random-sample survey of 234 Italian wood-furniture firms on additive manufacturing benefits and barriers (2017 data, published 2022)","RQ3 (barriers/enablers), RQ4 (perceived benefits); single I4.0 technology (additive manufacturing), Made in Italy sector; peer-reviewed proceedings (LNISO); Crossref verified",C,2
SMEs @ Industry 4.0: a comparison between top and average performers,Bettiol M.; Capestro M.; Di Maria E.; Micelli S.,2021,Sinergie,10.7433/S116.2021.03,include,"Survey of 366 Italian manufacturing SMEs: I4.0 adoption, top vs average performers","RQ1 breadth, RQ3 motivations/barriers, RQ4 performance; I4.0 bundle | Crossref: SMEs @ Industry 4.0: a comparison between top and average performers (2021, Sinergie Italian Journal of Management)",A,2
Digital readiness assessment of Italian SMEs: a case-study research,Pirola F.; Cimini C.; Pinto R.,2020,Journal of Manufacturing Technology Management,10.1108/JMTM-09-2018-0305,include,Digital readiness assessment of 20 Italian manufacturing SMEs (multi-case),"RQ1 depth/readiness; I4.0 bundle; case set | Crossref: Digital readiness assessment of Italian SMEs: a case-study research (2019, Journal of Manufacturing Technology Management)",A,2
The impacts of Industry 4.0: a descriptive survey in the Italian manufacturing sector,Zheng T.; Ardolino M.; Bacchetti A.; Perona M.; Zanardini M.,2020,Journal of Manufacturing Technology Management,10.1108/JMTM-08-2018-0269,include,"Descriptive survey of 103 Italian manufacturing companies: I4.0 knowledge, adoption, benefits, obstacles","RQ1 breadth, RQ3 obstacles (size, informatisation); I4.0 bundle | Crossref: The impacts of Industry 4.0: a descriptive survey in the Italian manufacturing sector (2019, Journal of Manufacturing Technology Management)",A,2
Organizational and managerial challenges in the path toward Industry 4.0,Agostini L.; Filippini R.,2019,European Journal of Innovation Management,10.1108/EJIM-02-2018-0030,include,Survey of Italian manufacturing firms: clusters by I4.0 adoption level and organisational practices,"RQ3 organisational enablers; I4.0 bundle; n not in abstract | Crossref: Organizational and managerial challenges in the path toward Industry 4.0 (2019, European Journal of Innovation Management)",A,2
