id,doc_type,journal,volume,issue,page,artno,status,doi
brunetti2026aipath,journal_article,Economics of Innovation and New Technology,35,7,1477-1498,,version of record in an issue,10.1080/10438599.2025.2573062
garlatticosta2025doi,journal_article,Managing Global Transitions,23,1,,,version of record in an issue,10.26493/1854-6935.23.79-111
garlatticosta2026readiness,journal_article,International Journal of Business Information Systems,51,7,1-22,152513,version of record in an issue,10.1504/ijbis.2026.152513
shah2026aitransform,journal_article,Management Decision,64,13,734-765,,version of record in an issue,10.1108/md-11-2025-3447
montresor2023twin,journal_article,Industry and Innovation,30,7,766-800,,version of record in an issue,10.1080/13662716.2023.2213179
cirillo2023digital,journal_article,Industry and Innovation,30,1,159-188,,version of record in an issue,10.1080/13662716.2022.2055999
bettiol2024productivity,journal_article,Small Business Economics,62,4,1449-1467,,version of record in an issue,10.1007/s11187-023-00825-8
bettiol2021districts,journal_article,Competitiveness Review: An International Business Journal,31,1,12-26,,version of record in an issue,10.1108/cr-12-2019-0155
cefis2025i40plan,journal_article,The Journal of Technology Transfer,50,5,2443-2475,,version of record in an issue,10.1007/s10961-024-10179-2
serafini2025s3,journal_article,Industrial and Corporate Change,34,5,927-956,,version of record in an issue,10.1093/icc/dtaf010
cucculelli2022family,journal_article,The Journal of Technology Transfer,47,1,213-241,,version of record in an issue,10.1007/s10961-021-09847-4
neirotti2026family,journal_article,International Journal of Production Economics,294,,109765,109765,version of record in an issue,10.1016/j.ijpe.2025.109765
cugno2021barriers,journal_article,Technological Forecasting and Social Change,168,,120756,120756,version of record in an issue,10.1016/j.techfore.2021.120756
buchi2020smartfactory,journal_article,Technological Forecasting and Social Change,150,,119790,119790,version of record in an issue,10.1016/j.techfore.2019.119790
dottori2021robots,journal_article,Economia Politica,38,2,739-795,,version of record in an issue,10.1007/s40888-021-00223-x
leoni2022aikm,journal_article,International Journal of Operations &amp; Production Management,42,13,411-437,,version of record in an issue,10.1108/ijopm-05-2022-0282
forgione2023regional,journal_article,Industry and Innovation,30,1,135-158,,version of record in an issue,10.1080/13662716.2022.2063111
bratta2020hyperdep,working_paper,SSRN Electronic Journal,,,,,"working paper (grey literature, criterion not applicable)",10.2139/ssrn.3648046
antonazzo2026skills,journal_article,R&amp;D Management,56,1,102-115,,version of record in an issue,10.1111/radm.70009
ricci2021sme,journal_article,International Journal of Production Economics,240,,108234,108234,version of record in an issue,10.1016/j.ijpe.2021.108234
lepore2021marche,journal_article,Sustainability,13,5,2670,,version of record in an issue,10.3390/su13052670
menicacci2025tax,journal_article,Journal of Management and Governance,29,2,409-451,,version of record in an issue,10.1007/s10997-024-09733-9
pini2019south,journal_article,"Journal of Entrepreneurship, Management and Innovation",15,3,73-102,,version of record in an issue,10.7341/20191533
segarra2025aismes,journal_article,Small Business Economics,65,1,719-745,,version of record in an issue,10.1007/s11187-025-01017-2
kinkel2022prereq,journal_article,Technovation,110,,102375,102375,version of record in an issue,10.1016/j.technovation.2021.102375
brey2024humancap,journal_article,Economics Letters,244,,111949,111949,version of record in an issue,10.1016/j.econlet.2024.111949
calvino2023portrait,working_paper,"OECD Science, Technology and Industry Working Papers",,,,,"working paper (grey literature, criterion not applicable)",10.1787/0fb79bb9-en
cullen2025race,working_paper,,,,,,"working paper (grey literature, criterion not applicable)",10.3386/w34532
battaglia2023complementarity,journal_article,International Journal of Production Economics,263,,108949,108949,version of record in an issue,10.1016/j.ijpe.2023.108949
crespi2026digindex,journal_article,Economics of Innovation and New Technology,,,1-29,,version of record online first (no issue yet),10.1080/10438599.2026.2659768
coro2021knowledge,journal_article,Regional Studies,55,10-11,1681-1695,,version of record in an issue,10.1080/00343404.2021.1934433
venturini2022spillovers,journal_article,Journal of Economic Behavior &amp; Organization,194,,220-243,,version of record in an issue,10.1016/j.jebo.2021.12.018
ferrando2026euroarea,working_paper,,,,,,"working paper (grey literature, criterion not applicable)",10.2139/ssrn.7199861
calabrese2025automotive,journal_article,Journal of the International Council for Small Business,7,1,229-258,,version of record in an issue,10.1080/26437015.2025.2474996
cette2026drivers,working_paper,,,,,,"working paper (grey literature, criterion not applicable)",10.2139/ssrn.6963022
cohen1990absorptive,journal_article,Administrative Science Quarterly,35,1,128,,version of record in an issue,10.2307/2393553
tornatzky1990toe,book_chapter,,,,,,"book / chapter, published",
tyndall2010aacods,working_paper,,,,,,"working paper (grey literature, criterion not applicable)",
garousi2019mlr,journal_article,Information and Software Technology,106,,101-121,,version of record in an issue,10.1016/j.infsof.2018.09.006
tricco2018prismascr,journal_article,Annals of Internal Medicine,169,7,467-473,,version of record in an issue,10.7326/m18-0850
xu2021industry50,journal_article,Journal of Manufacturing Systems,61,,530-535,,version of record in an issue,10.1016/j.jmsy.2021.10.006
chatterjee2021tamtoe,journal_article,Technological Forecasting and Social Change,170,,120880,120880,version of record in an issue,10.1016/j.techfore.2021.120880
schwaeke2025smes,journal_article,Journal of Small Business Management,63,3,1297-1331,,version of record in an issue,10.1080/00472778.2024.2379999
oldemeyer2025smes,journal_article,Management Review Quarterly,75,2,1185-1227,,version of record in an issue,10.1007/s11301-024-00405-4
hansen2021aiiot,journal_article,Journal of Manufacturing Systems,58,,362-372,,version of record in an issue,10.1016/j.jmsy.2020.08.009
brynjolfsson2021jcurve,journal_article,American Economic Journal: Macroeconomics,13,1,333-372,,version of record in an issue,10.1257/mac.20180386
acemoglu2025macro,journal_article,Economic Policy,40,121,13-58,,version of record in an issue,10.1093/epolic/eiae042
czarnitzki2023productivity,journal_article,Journal of Economic Behavior &amp; Organization,211,,188-205,,version of record in an issue,10.1016/j.jebo.2023.05.008
rammer2022innovation,journal_article,Research Policy,51,7,104555,104555,version of record in an issue,10.1016/j.respol.2022.104555
baker2012toe,book_chapter,Integrated Series in Information Systems,,,231-245,,published (book-chapter),10.1007/978-1-4419-6108-2_12
damioli2021productivity,journal_article,Eurasian Business Review,11,1,1-25,,version of record in an issue,10.1007/s40821-020-00172-8
rogers2009diffusion,book_chapter,,,,,,"book / chapter, published",
chiarini2026aiproduction,journal_article,Journal of Manufacturing Technology Management,37,9,173-193,,version of record in an issue,10.1108/JMTM-07-2025-0725
ardito2025airevenue,journal_article,Internet Research,35,4,1508-1534,,version of record in an issue,10.1108/INTR-02-2024-0195
cugno2025export,journal_article,Journal of Manufacturing Technology Management,36,9,154-176,,version of record in an issue,10.1108/JMTM-09-2023-0395
berton2025unions,journal_article,Italian Economic Journal,11,3,1015-1040,,version of record in an issue,10.1007/s40797-024-00276-4
moncada2025humancapital,journal_article,Small Business Economics,64,4,2061-2103,,version of record in an issue,10.1007/s11187-024-00975-3
basiglio2025impatience,journal_article,Small Business Economics,64,4,2035-2060,,version of record in an issue,10.1007/s11187-024-00974-4
muto2024greatreset,journal_article,Systems,12,9,330,,version of record in an issue,10.3390/systems12090330
cirillo2024flows,journal_article,Technological Forecasting and Social Change,209,,123735,123735,version of record in an issue,10.1016/j.techfore.2024.123735
omrani2024drivers,journal_article,IEEE Transactions on Engineering Management,71,,5030-5043,,version of record in an issue,10.1109/TEM.2022.3215727
cattaruzzo2026complexity,journal_article,Industry and Innovation,,,1-20,,version of record online first (no issue yet),10.1080/13662716.2026.2637174
agostino2026gvc,journal_article,Industry and Innovation,33,1,116-141,,version of record in an issue,10.1080/13662716.2025.2487508
cucculelli2026enabling,journal_article,The Journal of Technology Transfer,51,4,2455-2485,,version of record in an issue,10.1007/s10961-025-10263-1
buarque2026geography,journal_article,Regional Studies,60,1,,2681659,version of record in an issue,10.1080/00343404.2026.2681659
grando2026lean,journal_article,Total Quality Management &amp; Business Excellence,37,7-8,610-630,,version of record in an issue,10.1080/14783363.2026.2653629
cimino2025dynamic,journal_article,Corporate Social Responsibility and Environmental Management,32,5,6120-6138,,version of record in an issue,10.1002/csr.70019
benedetti2025fuzzy,journal_article,Big Data Research,41,,100538,100538,version of record in an issue,10.1016/j.bdr.2025.100538
bronzini2025loans,journal_article,Structural Change and Economic Dynamics,72,,47-66,,version of record in an issue,10.1016/j.strueco.2024.11.011
gahn2025pathdep,journal_article,Journal of Industrial and Business Economics,52,4,967-987,,version of record in an issue,10.1007/s40812-025-00345-4
calabrese2024policy,journal_article,Journal of Policy Modeling,46,2,336-353,,version of record in an issue,10.1016/j.jpolmod.2024.01.007
marioni2024frontier,journal_article,Journal of Economic Behavior &amp; Organization,228,,106762,106762,version of record in an issue,10.1016/j.jebo.2024.106762
bratta2023hyperdep,journal_article,Economics of Innovation and New Technology,32,8,1114-1137,,version of record in an issue,10.1080/10438599.2022.2075357
nucci2023productivity,journal_article,Economic Modelling,128,,106524,106524,version of record in an issue,10.1016/j.econmod.2023.106524
antonietti2023robots,journal_article,European Planning Studies,31,7,1397-1421,,version of record in an issue,10.1080/09654313.2022.2161816
cirillo2023skills,journal_article,Structural Change and Economic Dynamics,66,,89-105,,version of record in an issue,10.1016/j.strueco.2023.04.011
stefanini2023maintenance,journal_article,Journal of Quality in Maintenance Engineering,29,5,37-49,,version of record in an issue,10.1108/JQME-12-2021-0096
cugno2022recovery,journal_article,Technovation,114,,102443,102443,version of record in an issue,10.1016/j.technovation.2021.102443
dimaria2022circular,journal_article,Business Strategy and the Environment,31,2,619-632,,version of record in an issue,10.1002/bse.2940
chiarini2022quality,journal_article,International Journal of Production Research,60,16,4890-4910,,version of record in an issue,10.1080/00207543.2021.1942285
cimini2021orgchange,journal_article,Journal of Manufacturing Technology Management,32,3,695-721,,version of record in an issue,10.1108/JMTM-04-2019-0135
pagano2021districts,journal_article,Competitiveness Review: An International Business Journal,31,1,27-53,,version of record in an issue,10.1108/CR-12-2019-0160
chiarini2020strategies,journal_article,Production Planning &amp; Control,31,16,1385-1398,,version of record in an issue,10.1080/09537287.2019.1710304
cassetta2020export,journal_article,Industry and Innovation,27,4,311-339,,version of record in an issue,10.1080/13662716.2019.1696182
scarpino2026iiot,conference_paper,Procedia Computer Science,277,,685-694,,version of record in an issue,10.1016/j.procs.2026.02.110
nevi2026cosmetics,journal_article,IEEE Transactions on Engineering Management,73,,2821-2833,,version of record in an issue,10.1109/TEM.2026.3677052
bravi2026hybrid,journal_article,International Journal of Production Research,64,13,5656-5680,,version of record in an issue,10.1080/00207543.2025.2596960
modica2026logistics,journal_article,International Journal of Logistics Research and Applications,29,6,753-775,,version of record in an issue,10.1080/13675567.2025.2485118
cosma2025calabria,conference_paper,Procedia Computer Science,253,,3098-3107,,version of record in an issue,10.1016/j.procs.2025.02.034
zoppelletto2025twin,journal_article,IEEE Transactions on Engineering Management,72,,546-557,,version of record in an issue,10.1109/TEM.2025.3528260
ferraro2025esg,journal_article,Corporate Social Responsibility and Environmental Management,32,5,6641-6657,,version of record in an issue,10.1002/csr.70051
vadruccio2025iiot,conference_paper,Procedia Computer Science,253,,1083-1092,,version of record in an issue,10.1016/j.procs.2025.01.170
cagno2024safety,journal_article,Safety Science,177,,106598,106598,version of record in an issue,10.1016/j.ssci.2024.106598
capestro2024exploiting,journal_article,Technology Analysis &amp; Strategic Management,36,12,4408-4421,,version of record in an issue,10.1080/09537325.2023.2254416
coco2024literacy,journal_article,R&amp;D Management,54,1,118-136,,version of record in an issue,10.1111/radm.12645
degiovanni2024bayesian,journal_article,IEEE Transactions on Engineering Management,71,,2921-2936,,version of record in an issue,10.1109/TEM.2022.3200868
battistoni2023paths,journal_article,International Journal of Production Economics,255,,108675,108675,version of record in an issue,10.1016/j.ijpe.2022.108675
bettiol2023collaboration,journal_article,European Journal of Innovation Management,26,7,328-352,,version of record in an issue,10.1108/EJIM-10-2022-0593
pedota2023upskilling,journal_article,Technological Forecasting and Social Change,187,,122085,122085,version of record in an issue,10.1016/j.techfore.2022.122085
aldrighetti2023clsc,journal_article,International Journal of Production Research,61,9,3004-3029,,version of record in an issue,10.1080/00207543.2022.2075291
zheng2023road,journal_article,Benchmarking: An International Journal,30,1,307-332,,version of record in an issue,10.1108/BIJ-01-2021-0056
bettiol2022ict,journal_article,International Journal of Productivity and Performance Management,71,4,1076-1098,,version of record in an issue,10.1108/IJPPM-10-2020-0573
bettiol2021performers,journal_article,Sinergie Italian Journal of Management,39,3,27-48,,version of record in an issue,10.7433/S116.2021.03
pirola2020readiness,journal_article,Journal of Manufacturing Technology Management,31,5,1045-1083,,version of record in an issue,10.1108/JMTM-09-2018-0305
zheng2020impacts,journal_article,Journal of Manufacturing Technology Management,31,5,1085-1115,,version of record in an issue,10.1108/JMTM-08-2018-0269
agostini2019challenges,journal_article,European Journal of Innovation Management,22,3,406-421,,version of record in an issue,10.1108/EJIM-02-2018-0030
antonioli2025twin,journal_article,Industry and Innovation,32,10,1184-1203,,version of record in an issue,10.1080/13662716.2025.2516036
chiarini2021environment,journal_article,Business Strategy and the Environment,30,7,3194-3207,,version of record in an issue,10.1002/bse.2797
horvat2026germany,journal_article,Production Planning &amp; Control,,,1-25,,version of record online first (no issue yet),10.1080/09537287.2026.2705968
