freq,nace_r2,indic_sbs,geo,time,value,flag
A,C,AV_MEUR,AL,2023,1143.18,
A,C,AV_MEUR,AT,2023,71664.97,
A,C,AV_MEUR,BA,2023,3475.11,
A,C,AV_MEUR,BE,2023,77014.43,
A,C,AV_MEUR,BG,2023,11418.39,
A,C,AV_MEUR,CH,2023,155189.06,e
A,C,AV_MEUR,CY,2023,1610.52,
A,C,AV_MEUR,CZ,2023,55597.37,
A,C,AV_MEUR,DE,2023,774038.51,
A,C,AV_MEUR,DK,2023,47952.56,
A,C,AV_MEUR,EE,2023,4159.96,
A,C,AV_MEUR,EL,2023,17702.84,
A,C,AV_MEUR,ES,2023,152679.79,
A,C,AV_MEUR,EU27_2020,2023,2466421.05,
A,C,AV_MEUR,FI,2023,30240.88,
A,C,AV_MEUR,FR,2023,290974.76,
A,C,AV_MEUR,HR,2023,8850.7,
A,C,AV_MEUR,HU,2023,32479.17,
A,C,AV_MEUR,IE,2023,176193.86,
A,C,AV_MEUR,IS,2023,2590.18,
A,C,AV_MEUR,IT,2023,320748.64,
A,C,AV_MEUR,LT,2023,8768.28,
A,C,AV_MEUR,LU,2023,3055.6,
A,C,AV_MEUR,LV,2023,3807.59,
A,C,AV_MEUR,ME,2023,221.09,
A,C,AV_MEUR,MK,2023,1879.9,
A,C,AV_MEUR,MT,2023,1204.85,
A,C,AV_MEUR,NL,2023,100998.21,
A,C,AV_MEUR,NO,2023,23445.31,
A,C,AV_MEUR,PL,2023,113314.73,
A,C,AV_MEUR,PT,2023,30101.96,
A,C,AV_MEUR,RO,2023,30144.44,
A,C,AV_MEUR,RS,2023,10796.84,
A,C,AV_MEUR,SE,2023,71289.26,
A,C,AV_MEUR,SI,2023,11700.5,
A,C,AV_MEUR,SK,2023,18740.15,
A,C,EMP_ENT_NR,AL,2023,14.0,
A,C,EMP_ENT_NR,AT,2023,23.0,
A,C,EMP_ENT_NR,BA,2023,14.0,
A,C,EMP_ENT_NR,BE,2023,12.0,
A,C,EMP_ENT_NR,BG,2023,17.0,
A,C,EMP_ENT_NR,CH,2023,35.0,e
A,C,EMP_ENT_NR,CY,2023,7.0,
A,C,EMP_ENT_NR,CZ,2023,7.0,
A,C,EMP_ENT_NR,DE,2023,41.0,
A,C,EMP_ENT_NR,DK,2023,22.0,
A,C,EMP_ENT_NR,EE,2023,11.0,
A,C,EMP_ENT_NR,EL,2023,7.0,
A,C,EMP_ENT_NR,ES,2023,13.0,
A,C,EMP_ENT_NR,EU27_2020,2023,14.0,
A,C,EMP_ENT_NR,FI,2023,12.0,
A,C,EMP_ENT_NR,FR,2023,12.0,
A,C,EMP_ENT_NR,HR,2023,11.0,
A,C,EMP_ENT_NR,HU,2023,14.0,
A,C,EMP_ENT_NR,IE,2023,14.0,
A,C,EMP_ENT_NR,IS,2023,11.0,
A,C,EMP_ENT_NR,IT,2023,11.0,
A,C,EMP_ENT_NR,LT,2023,9.0,
A,C,EMP_ENT_NR,LU,2023,40.0,
A,C,EMP_ENT_NR,LV,2023,11.0,
A,C,EMP_ENT_NR,ME,2023,4.0,
A,C,EMP_ENT_NR,MK,2023,15.0,
A,C,EMP_ENT_NR,MT,2023,8.0,
A,C,EMP_ENT_NR,NL,2023,9.0,
A,C,EMP_ENT_NR,NO,2023,12.0,
A,C,EMP_ENT_NR,PL,2023,12.0,
A,C,EMP_ENT_NR,PT,2023,11.0,
A,C,EMP_ENT_NR,RO,2023,14.0,
A,C,EMP_ENT_NR,RS,2023,16.0,
A,C,EMP_ENT_NR,SE,2023,14.0,
A,C,EMP_ENT_NR,SI,2023,11.0,
A,C,EMP_ENT_NR,SK,2023,5.0,
A,C,EMP_NR,AL,2023,104653.0,
A,C,EMP_NR,AT,2023,733695.0,
A,C,EMP_NR,BA,2023,171590.0,
A,C,EMP_NR,BE,2023,519209.0,
A,C,EMP_NR,BG,2023,494008.0,
A,C,EMP_NR,CH,2023,679743.0,e
A,C,EMP_NR,CY,2023,37675.0,
A,C,EMP_NR,CZ,2023,1273289.0,
A,C,EMP_NR,DE,2023,8161765.0,
A,C,EMP_NR,DK,2023,338756.0,
A,C,EMP_NR,EE,2023,108980.0,
A,C,EMP_NR,EL,2023,388350.0,
A,C,EMP_NR,ES,2023,2144778.0,
A,C,EMP_NR,EU27_2020,2023,30291362.0,
A,C,EMP_NR,FI,2023,329974.0,
A,C,EMP_NR,FR,2023,3260700.0,
A,C,EMP_NR,HR,2023,276433.0,
A,C,EMP_NR,HU,2023,778611.0,
A,C,EMP_NR,IE,2023,272438.0,
A,C,EMP_NR,IS,2023,23209.0,
A,C,EMP_NR,IT,2023,3917564.0,
A,C,EMP_NR,LT,2023,231893.0,
A,C,EMP_NR,LU,2023,34204.0,
A,C,EMP_NR,LV,2023,115512.0,
A,C,EMP_NR,ME,2023,13720.0,
A,C,EMP_NR,MK,2023,118506.0,
A,C,EMP_NR,MT,2023,25486.0,
A,C,EMP_NR,NL,2023,768937.0,
A,C,EMP_NR,NO,2023,223135.0,
A,C,EMP_NR,PL,2023,2881122.0,
A,C,EMP_NR,PT,2023,752655.0,
A,C,EMP_NR,RO,2023,1108269.0,
A,C,EMP_NR,RS,2023,491178.0,
A,C,EMP_NR,SE,2023,621069.0,
A,C,EMP_NR,SI,2023,224814.0,
A,C,EMP_NR,SK,2023,491418.0,
A,C,ENT_NR,AL,2023,7716.0,
A,C,ENT_NR,AT,2023,32369.0,
A,C,ENT_NR,BA,2023,12148.0,
A,C,ENT_NR,BE,2023,42355.0,
A,C,ENT_NR,BG,2023,29512.0,
A,C,ENT_NR,CH,2023,19328.0,e
A,C,ENT_NR,CY,2023,5027.0,
A,C,ENT_NR,CZ,2023,189479.0,
A,C,ENT_NR,DE,2023,201177.0,
A,C,ENT_NR,DK,2023,15563.0,
A,C,ENT_NR,EE,2023,9622.0,
A,C,ENT_NR,EL,2023,57326.0,
A,C,ENT_NR,ES,2023,167401.0,
A,C,ENT_NR,EU27_2020,2023,2168163.0,
A,C,ENT_NR,FI,2023,28539.0,
A,C,ENT_NR,FR,2023,266065.0,
A,C,ENT_NR,HR,2023,24731.0,
A,C,ENT_NR,HU,2023,56369.0,
A,C,ENT_NR,IE,2023,19416.0,
A,C,ENT_NR,IS,2023,2052.0,
A,C,ENT_NR,IT,2023,352446.0,
A,C,ENT_NR,LT,2023,25127.0,
A,C,ENT_NR,LU,2023,846.0,
A,C,ENT_NR,LV,2023,10994.0,
A,C,ENT_NR,ME,2023,3432.0,
A,C,ENT_NR,MK,2023,7998.0,
A,C,ENT_NR,MT,2023,3026.0,
A,C,ENT_NR,NL,2023,85945.0,
A,C,ENT_NR,NO,2023,18320.0,
A,C,ENT_NR,PL,2023,241254.0,
A,C,ENT_NR,PT,2023,69138.0,
A,C,ENT_NR,RO,2023,78194.0,
A,C,ENT_NR,RS,2023,30156.0,
A,C,ENT_NR,SE,2023,45183.0,
A,C,ENT_NR,SI,2023,21262.0,
A,C,ENT_NR,SK,2023,89803.0,
