figure,label,geo,year,indic_is,unit,breakdown,value
fig1,Spain,ES,2021,E_AI_TANY,PC_ENT,C,7.42
fig1,Spain,ES,2023,E_AI_TANY,PC_ENT,C,8.68
fig1,Spain,ES,2024,E_AI_TANY,PC_ENT,C,9.81
fig1,Spain,ES,2025,E_AI_TANY,PC_ENT,C,17.14
fig1,France,FR,2021,E_AI_TANY,PC_ENT,C,5.33
fig1,France,FR,2023,E_AI_TANY,PC_ENT,C,4.87
fig1,France,FR,2024,E_AI_TANY,PC_ENT,C,7.43
fig1,France,FR,2025,E_AI_TANY,PC_ENT,C,16.93
fig1,Germany,DE,2021,E_AI_TANY,PC_ENT,C,9.19
fig1,Germany,DE,2023,E_AI_TANY,PC_ENT,C,9.32
fig1,Germany,DE,2024,E_AI_TANY,PC_ENT,C,16.11
fig1,Germany,DE,2025,E_AI_TANY,PC_ENT,C,24.38
fig1,EU27,EU27_2020,2021,E_AI_TANY,PC_ENT,C,6.93
fig1,EU27,EU27_2020,2023,E_AI_TANY,PC_ENT,C,6.79
fig1,EU27,EU27_2020,2024,E_AI_TANY,PC_ENT,C,10.57
fig1,EU27,EU27_2020,2025,E_AI_TANY,PC_ENT,C,17.27
fig1,Italy,IT,2021,E_AI_TANY,PC_ENT,C,6.63
fig1,Italy,IT,2023,E_AI_TANY,PC_ENT,C,4.94
fig1,Italy,IT,2024,E_AI_TANY,PC_ENT,C,8.03
fig1,Italy,IT,2025,E_AI_TANY,PC_ENT,C,14.73
fig1,Spain,ES,2021,E_AI_TANY,PC_ENT,C10-S951_X_K,7.67
fig1,Spain,ES,2023,E_AI_TANY,PC_ENT,C10-S951_X_K,9.18
fig1,Spain,ES,2024,E_AI_TANY,PC_ENT,C10-S951_X_K,11.31
fig1,Spain,ES,2025,E_AI_TANY,PC_ENT,C10-S951_X_K,20.27
fig1,France,FR,2021,E_AI_TANY,PC_ENT,C10-S951_X_K,6.67
fig1,France,FR,2023,E_AI_TANY,PC_ENT,C10-S951_X_K,5.88
fig1,France,FR,2024,E_AI_TANY,PC_ENT,C10-S951_X_K,9.91
fig1,France,FR,2025,E_AI_TANY,PC_ENT,C10-S951_X_K,18.16
fig1,Germany,DE,2021,E_AI_TANY,PC_ENT,C10-S951_X_K,10.56
fig1,Germany,DE,2023,E_AI_TANY,PC_ENT,C10-S951_X_K,11.55
fig1,Germany,DE,2024,E_AI_TANY,PC_ENT,C10-S951_X_K,19.75
fig1,Germany,DE,2025,E_AI_TANY,PC_ENT,C10-S951_X_K,25.97
fig1,EU27,EU27_2020,2021,E_AI_TANY,PC_ENT,C10-S951_X_K,7.65
fig1,EU27,EU27_2020,2023,E_AI_TANY,PC_ENT,C10-S951_X_K,8.06
fig1,EU27,EU27_2020,2024,E_AI_TANY,PC_ENT,C10-S951_X_K,13.48
fig1,EU27,EU27_2020,2025,E_AI_TANY,PC_ENT,C10-S951_X_K,19.95
fig1,Italy,IT,2021,E_AI_TANY,PC_ENT,C10-S951_X_K,6.17
fig1,Italy,IT,2023,E_AI_TANY,PC_ENT,C10-S951_X_K,5.05
fig1,Italy,IT,2024,E_AI_TANY,PC_ENT,C10-S951_X_K,8.2
fig1,Italy,IT,2025,E_AI_TANY,PC_ENT,C10-S951_X_K,16.4
fig2,EU27,EU27_2020,2021,E_AI_TANY,PC_ENT,10-49,6.12
fig2,EU27,EU27_2020,2023,E_AI_TANY,PC_ENT,10-49,6.41
fig2,EU27,EU27_2020,2024,E_AI_TANY,PC_ENT,10-49,11.21
fig2,EU27,EU27_2020,2025,E_AI_TANY,PC_ENT,10-49,17.0
fig2,Italy,IT,2021,E_AI_TANY,PC_ENT,10-49,5.35
fig2,Italy,IT,2023,E_AI_TANY,PC_ENT,10-49,4.36
fig2,Italy,IT,2024,E_AI_TANY,PC_ENT,10-49,6.89
fig2,Italy,IT,2025,E_AI_TANY,PC_ENT,10-49,14.23
fig2,EU27,EU27_2020,2021,E_AI_TANY,PC_ENT,50-249,12.55
fig2,EU27,EU27_2020,2023,E_AI_TANY,PC_ENT,50-249,13.07
fig2,EU27,EU27_2020,2024,E_AI_TANY,PC_ENT,50-249,20.97
fig2,EU27,EU27_2020,2025,E_AI_TANY,PC_ENT,50-249,30.36
fig2,Italy,IT,2021,E_AI_TANY,PC_ENT,50-249,10.02
fig2,Italy,IT,2023,E_AI_TANY,PC_ENT,50-249,7.3
fig2,Italy,IT,2024,E_AI_TANY,PC_ENT,50-249,14.71
fig2,Italy,IT,2025,E_AI_TANY,PC_ENT,50-249,27.62
fig2,EU27,EU27_2020,2021,E_AI_TANY,PC_ENT,GE250,28.41
fig2,EU27,EU27_2020,2023,E_AI_TANY,PC_ENT,GE250,30.48
fig2,EU27,EU27_2020,2024,E_AI_TANY,PC_ENT,GE250,41.17
fig2,EU27,EU27_2020,2025,E_AI_TANY,PC_ENT,GE250,55.03
fig2,Italy,IT,2021,E_AI_TANY,PC_ENT,GE250,24.33
fig2,Italy,IT,2023,E_AI_TANY,PC_ENT,GE250,24.08
fig2,Italy,IT,2024,E_AI_TANY,PC_ENT,GE250,32.5
fig2,Italy,IT,2025,E_AI_TANY,PC_ENT,GE250,53.09
fig3,RO,RO,2025,E_AI_TANY,PC_ENT,C,3.24
fig3,CY,CY,2025,E_AI_TANY,PC_ENT,C,4.26
fig3,BG,BG,2025,E_AI_TANY,PC_ENT,C,5.25
fig3,PL,PL,2025,E_AI_TANY,PC_ENT,C,7.7
fig3,EL,EL,2025,E_AI_TANY,PC_ENT,C,7.77
fig3,HU,HU,2025,E_AI_TANY,PC_ENT,C,7.78
fig3,PT,PT,2025,E_AI_TANY,PC_ENT,C,9.94
fig3,LV,LV,2025,E_AI_TANY,PC_ENT,C,12.35
fig3,HR,HR,2025,E_AI_TANY,PC_ENT,C,12.9
fig3,IT,IT,2025,E_AI_TANY,PC_ENT,C,14.73
fig3,SK,SK,2025,E_AI_TANY,PC_ENT,C,15.83
fig3,CZ,CZ,2025,E_AI_TANY,PC_ENT,C,16.73
fig3,FR,FR,2025,E_AI_TANY,PC_ENT,C,16.93
fig3,ES,ES,2025,E_AI_TANY,PC_ENT,C,17.14
fig3,EU27_2020,EU27_2020,2025,E_AI_TANY,PC_ENT,C,17.27
fig3,MT,MT,2025,E_AI_TANY,PC_ENT,C,17.57
fig3,IE,IE,2025,E_AI_TANY,PC_ENT,C,17.66
fig3,LT,LT,2025,E_AI_TANY,PC_ENT,C,19.17
fig3,EE,EE,2025,E_AI_TANY,PC_ENT,C,22.66
fig3,SI,SI,2025,E_AI_TANY,PC_ENT,C,22.68
fig3,DE,DE,2025,E_AI_TANY,PC_ENT,C,24.38
fig3,NL,NL,2025,E_AI_TANY,PC_ENT,C,28.56
fig3,AT,AT,2025,E_AI_TANY,PC_ENT,C,32.54
fig3,SE,SE,2025,E_AI_TANY,PC_ENT,C,32.86
fig3,LU,LU,2025,E_AI_TANY,PC_ENT,C,37.58
fig3,DK,DK,2025,E_AI_TANY,PC_ENT,C,38.55
fig3,BE,BE,2025,E_AI_TANY,PC_ENT,C,39.8
fig4,Text mining,IT,2021,E_AI_TTM,PC_ENT,C,1.97
fig4,Text mining,IT,2023,E_AI_TTM,PC_ENT,C,1.51
fig4,Text mining,IT,2024,E_AI_TTM,PC_ENT,C,3.96
fig4,Text mining,IT,2025,E_AI_TTM,PC_ENT,C,10.7
fig4,Language generation,IT,2021,E_AI_TNLG,PC_ENT,C,1.37
fig4,Language generation,IT,2023,E_AI_TNLG,PC_ENT,C,0.9
fig4,Language generation,IT,2024,E_AI_TNLG,PC_ENT,C,3.19
fig4,Language generation,IT,2025,E_AI_TNLG,PC_ENT,C,5.26
fig4,Machine learning,IT,2021,E_AI_TML,PC_ENT,C,1.17
fig4,Machine learning,IT,2023,E_AI_TML,PC_ENT,C,1.28
fig4,Machine learning,IT,2024,E_AI_TML,PC_ENT,C,2.15
fig4,Machine learning,IT,2025,E_AI_TML,PC_ENT,C,2.71
fig4,Image recognition,IT,2021,E_AI_TIR,PC_ENT,C,1.65
fig4,Image recognition,IT,2023,E_AI_TIR,PC_ENT,C,1.49
fig4,Image recognition,IT,2024,E_AI_TIR,PC_ENT,C,1.72
fig4,Image recognition,IT,2025,E_AI_TIR,PC_ENT,C,2.13
fig4,AI for production processes,IT,2021,E_AI_PPP,PC_ENT,C,3.37
fig4,AI for production processes,IT,2023,E_AI_PPP,PC_ENT,C,2.59
fig4,AI for production processes,IT,2024,E_AI_PPP,PC_ENT,C,2.25
fig4,AI for production processes,IT,2025,E_AI_PPP,PC_ENT,C,2.31
fig4,Text mining,EU27_2020,2021,E_AI_TTM,PC_ENT,C,1.62
fig4,Text mining,EU27_2020,2023,E_AI_TTM,PC_ENT,C,1.82
fig4,Text mining,EU27_2020,2024,E_AI_TTM,PC_ENT,C,4.58
fig4,Text mining,EU27_2020,2025,E_AI_TTM,PC_ENT,C,9.42
fig4,Language generation,EU27_2020,2021,E_AI_TNLG,PC_ENT,C,0.85
fig4,Language generation,EU27_2020,2023,E_AI_TNLG,PC_ENT,C,1.19
fig4,Language generation,EU27_2020,2024,E_AI_TNLG,PC_ENT,C,3.53
fig4,Language generation,EU27_2020,2025,E_AI_TNLG,PC_ENT,C,7.09
fig4,Machine learning,EU27_2020,2021,E_AI_TML,PC_ENT,C,1.67
fig4,Machine learning,EU27_2020,2023,E_AI_TML,PC_ENT,C,1.73
fig4,Machine learning,EU27_2020,2024,E_AI_TML,PC_ENT,C,2.73
fig4,Machine learning,EU27_2020,2025,E_AI_TML,PC_ENT,C,3.66
fig4,Image recognition,EU27_2020,2021,E_AI_TIR,PC_ENT,C,2.16
fig4,Image recognition,EU27_2020,2023,E_AI_TIR,PC_ENT,C,2.23
fig4,Image recognition,EU27_2020,2024,E_AI_TIR,PC_ENT,C,2.74
fig4,Image recognition,EU27_2020,2025,E_AI_TIR,PC_ENT,C,3.14
fig4,AI for production processes,EU27_2020,2021,E_AI_PPP,PC_ENT,C,2.76
fig4,AI for production processes,EU27_2020,2023,E_AI_PPP,PC_ENT,C,2.59
fig4,AI for production processes,EU27_2020,2024,E_AI_PPP,PC_ENT,C,2.77
fig4,AI for production processes,EU27_2020,2025,E_AI_PPP,PC_ENT,C,3.49
fig5a,"AI, advanced cloud or data analytics",IT,2025,E_AI_CC1SI_DA_ANY,PC_ENT,C,80.11
fig5a,"AI, advanced cloud or data analytics",EU27_2020,2025,E_AI_CC1SI_DA_ANY,PC_ENT,C,65.03
fig5a,"Adv. cloud and data analytics, but no AI",IT,2025,E_AIX_CC1SI_DA,PC_ENT,C,25.72
fig5a,"Adv. cloud and data analytics, but no AI",EU27_2020,2025,E_AIX_CC1SI_DA,PC_ENT,C,16.28
fig5a,At least one AI technology,IT,2025,E_AI_TANY,PC_ENT,C,14.73
fig5a,At least one AI technology,EU27_2020,2025,E_AI_TANY,PC_ENT,C,17.27
fig5b,AI for 2+ business purposes,IT,2025,E_AI_P1GE2,PC_ENT_AI_TANY,C,28.2
fig5b,AI for 2+ business purposes,EU27_2020,2025,E_AI_P1GE2,PC_ENT_AI_TANY,C,34.91
fig5b,AI for 3+ business purposes,IT,2025,E_AI_P1GE3,PC_ENT_AI_TANY,C,11.15
fig5b,AI for 3+ business purposes,EU27_2020,2025,E_AI_P1GE3,PC_ENT_AI_TANY,C,17.63
fig5b,AI for production processes,IT,2025,E_AI_PPP,PC_ENT_AI_TANY,C,15.69
fig5b,AI for production processes,EU27_2020,2025,E_AI_PPP,PC_ENT_AI_TANY,C,20.22
fig5b,AI for R&D / innovation,IT,2025,E_AI_PRDI,PC_ENT_AI_TANY,C,18.87
fig5b,AI for R&D / innovation,EU27_2020,2025,E_AI_PRDI,PC_ENT_AI_TANY,C,17.54
fig6,Lack of expertise,IT,2025,E_AI_BLE,PC_ENT_AI_EC,C,62.46
fig6,Lack of expertise,EU27_2020,2025,E_AI_BLE,PC_ENT_AI_EC,C,71.05
fig6,Unclear legal consequences,IT,2025,E_AI_BLEG,PC_ENT_AI_EC,C,45.43
fig6,Unclear legal consequences,EU27_2020,2025,E_AI_BLEG,PC_ENT_AI_EC,C,51.08
fig6,Data availability/quality,IT,2025,E_AI_BDDT,PC_ENT_AI_EC,C,43.78
fig6,Data availability/quality,EU27_2020,2025,E_AI_BDDT,PC_ENT_AI_EC,C,45.29
fig6,Costs too high,IT,2025,E_AI_BCST,PC_ENT_AI_EC,C,43.24
fig6,Costs too high,EU27_2020,2025,E_AI_BCST,PC_ENT_AI_EC,C,39.8
fig6,Data protection/privacy,IT,2025,E_AI_BCDP,PC_ENT_AI_EC,C,38.01
fig6,Data protection/privacy,EU27_2020,2025,E_AI_BCDP,PC_ENT_AI_EC,C,49.01
fig6,Incompatible with systems,IT,2025,E_AI_BINC,PC_ENT_AI_EC,C,37.39
fig6,Incompatible with systems,EU27_2020,2025,E_AI_BINC,PC_ENT_AI_EC,C,44.74
fig6,Ethical considerations,IT,2025,E_AI_BEC,PC_ENT_AI_EC,C,20.63
fig6,Ethical considerations,EU27_2020,2025,E_AI_BEC,PC_ENT_AI_EC,C,21.41
fig6,Not useful,IT,2025,E_AI_BNU,PC_ENT_AI_EC,C,11.69
fig6,Not useful,EU27_2020,2025,E_AI_BNU,PC_ENT_AI_EC,C,15.87
fig7,"Textiles, apparel, leather",IT,2025,E_AI_TANY,PC_ENT,C13-C15,11.36
fig7,"Textiles, apparel, leather",EU27_2020,2025,E_AI_TANY,PC_ENT,C13-C15,12.01
fig7,"Food, beverages, tobacco",IT,2025,E_AI_TANY,PC_ENT,C10-C12,15.32
fig7,"Food, beverages, tobacco",EU27_2020,2025,E_AI_TANY,PC_ENT,C10-C12,12.47
fig7,"Basic metals, metal products",IT,2025,E_AI_TANY,PC_ENT,C24_C25,8.84
fig7,"Basic metals, metal products",EU27_2020,2025,E_AI_TANY,PC_ENT,C24_C25,14.33
fig7,"Wood, paper, printing",IT,2025,E_AI_TANY,PC_ENT,C16-C18,8.33
fig7,"Wood, paper, printing",EU27_2020,2025,E_AI_TANY,PC_ENT,C16-C18,15.63
fig7,"Furniture, other, repair",IT,2025,E_AI_TANY,PC_ENT,C31-C33,16.0
fig7,"Furniture, other, repair",EU27_2020,2025,E_AI_TANY,PC_ENT,C31-C33,17.16
fig7,"Chemicals, pharma, plastics, minerals",IT,2025,E_AI_TANY,PC_ENT,C19-C23,21.32
fig7,"Chemicals, pharma, plastics, minerals",EU27_2020,2025,E_AI_TANY,PC_ENT,C19-C23,20.35
fig7,Transport equipment (C29+C30),IT,2025,E_AI_TANY,PC_ENT,C29_C30 (ISTAT Tavola 9a),19.25
fig7,Transport equipment (C29+C30),EU27_2020,2025,E_AI_TANY,PC_ENT,C29_C30,23.86
fig7,"Electrical equipment, machinery (C27+C28)",IT,2025,E_AI_TANY,PC_ENT,C27_C28 (ISTAT Tavola 9a),21.0
fig7,"Electrical equipment, machinery (C27+C28)",EU27_2020,2025,E_AI_TANY,PC_ENT,C27_C28,25.57
fig7,"Computer, electronic, optical",IT,2025,E_AI_TANY,PC_ENT,C26,28.48
fig7,"Computer, electronic, optical",EU27_2020,2025,E_AI_TANY,PC_ENT,C26,37.44
fig8,INAPP-RIL,IT,2021,invested in AI 2019-21,%,firms 9+ employees,1.3
fig8,Unioncamere survey (Cugno et al.),IT,2022,used AI (derived: 17.6% of the 26.6% adopting 4.0 technologies),%,manufacturing SMEs 5-249,4.7
fig8,ISTAT census (Montresor & Vezzani),IT,2018,invested in 'AI area' 2016-18,%,firms 3+ employees,4.8
fig8,Bank of Italy INVIND,IT,2026,intensive use,%,firms 20+ employees,5.0
fig8,PoliMi Observatory,IT,2025,at least one AI project,%,SMEs,8.0
fig8,Bank of Italy SIGE,IT,2024,already using AI (incl. cloud/robotics examples),%,firms 50+ employees,11.2
fig8,Bank of Italy INVIND,IT,2024,"any use, incl. experimental",%,firms 20+ employees,13.0
fig8,Confindustria survey,IT,2026,regular use,%,"member firms, industry",14.2
fig8,Eurostat / ISTAT ICT survey,IT,2025,uses 1+ of 8 AI technologies,%,manufacturing firms 10+,14.7
fig8,ISTAT ICT survey,IT,2025,uses 1+ of 8 AI technologies,%,firms 10+ employees,16.4
fig8,EIB Investment Survey,IT,2025,systematic GenAI use,%,"firms 5+, value-added weighted",20.0
fig8,Bank of Italy INVIND,IT,2026,"any use, incl. experimental",%,firms 20+ employees,32.0
fig8,EIB Investment Survey,IT,2025,big data / AI in parts of business,%,"manufacturing firms 5+, VA-weighted",33.0
fig8,TEHA AI 4 Italy,IT,2023,have tried AI solutions,%,~100 network firms (opt-in),50.0
fig8,ECB SAFE survey,IT,2025,"any use, incl. pilots",%,"firms of all sizes, weighted",52.0
fig8,PoliMi Observatory,IT,2025,at least one AI project,%,large firms,71.0
fig9,10-49,IT,2023,ai_any,PC_ENT,C x size 10-49 (ISTAT ASI Tavola 21.15),3.98
fig9,50-99,IT,2023,ai_any,PC_ENT,C x size 50-99 (ISTAT ASI Tavola 21.15),5.01
fig9,100-249,IT,2023,ai_any,PC_ENT,C x size 100-249 (ISTAT ASI Tavola 21.15),11.27
fig9,250+,IT,2023,ai_any,PC_ENT,C x size 250 e oltre (ISTAT ASI Tavola 21.15),27.87
fig9,10-49,IT,2024,ai_any,PC_ENT,C x size 10-49 (ISTAT ASI Tavola 21.15),6.38
fig9,50-99,IT,2024,ai_any,PC_ENT,C x size 50-99 (ISTAT ASI Tavola 21.15),13.56
fig9,100-249,IT,2024,ai_any,PC_ENT,C x size 100-249 (ISTAT ASI Tavola 21.15),13.61
fig9,250+,IT,2024,ai_any,PC_ENT,C x size 250 e oltre (ISTAT ASI Tavola 21.15),36.14
fig10,Text mining,IT,2023,text_mining,% of manufacturing AI users,C (ISTAT Tavola 9a),30.47
fig10,Text mining,IT,2025,text_mining,% of manufacturing AI users,C (ISTAT Tavola 9a),72.65
fig10,Language generation,IT,2023,language_generation,% of manufacturing AI users,C (ISTAT Tavola 9a),18.14
fig10,Language generation,IT,2025,language_generation,% of manufacturing AI users,C (ISTAT Tavola 9a),35.67
fig10,Speech recognition,IT,2023,speech_recognition,% of manufacturing AI users,C (ISTAT Tavola 9a),19.66
fig10,Speech recognition,IT,2025,speech_recognition,% of manufacturing AI users,C (ISTAT Tavola 9a),37.77
fig10,Image/video/audio generation (2025 only),IT,2025,media_generation,% of manufacturing AI users,C (ISTAT Tavola 9a),36.06
fig10,Image recognition,IT,2023,image_recognition,% of manufacturing AI users,C (ISTAT Tavola 9a),30.17
fig10,Image recognition,IT,2025,image_recognition,% of manufacturing AI users,C (ISTAT Tavola 9a),14.48
fig10,Machine learning,IT,2023,machine_learning,% of manufacturing AI users,C (ISTAT Tavola 9a),25.98
fig10,Machine learning,IT,2025,machine_learning,% of manufacturing AI users,C (ISTAT Tavola 9a),18.39
fig10,Workflow automation / decision support,IT,2023,workflow_automation,% of manufacturing AI users,C (ISTAT Tavola 9a),52.36
fig10,Workflow automation / decision support,IT,2025,workflow_automation,% of manufacturing AI users,C (ISTAT Tavola 9a),13.96
fig10,Autonomous machines,IT,2023,autonomous_machines,% of manufacturing AI users,C (ISTAT Tavola 9a),22.7
fig10,Autonomous machines,IT,2025,autonomous_machines,% of manufacturing AI users,C (ISTAT Tavola 9a),5.38
